group,window_days,event_type,observations,events,rate
baseline_all,60,GO,134,0,0.0
baseline_all,60,CONSOLIDATION,134,0,0.0
baseline_all,60,PLACING,134,3,0.022388
baseline_all,60,RIGHTS,134,1,0.007463
baseline_all,120,GO,134,1,0.007463
baseline_all,120,CONSOLIDATION,134,0,0.0
baseline_all,120,PLACING,134,3,0.022388
baseline_all,120,RIGHTS,134,1,0.007463
baseline_all,180,GO,134,1,0.007463
baseline_all,180,CONSOLIDATION,134,0,0.0
baseline_all,180,PLACING,134,3,0.022388
baseline_all,180,RIGHTS,134,1,0.007463
baseline_sample,60,GO,442,0,0.0
baseline_sample,60,CONSOLIDATION,442,3,0.006787
baseline_sample,60,PLACING,442,19,0.042986
baseline_sample,60,RIGHTS,442,2,0.004525
baseline_sample,120,GO,442,0,0.0
baseline_sample,120,CONSOLIDATION,442,3,0.006787
baseline_sample,120,PLACING,442,19,0.042986
baseline_sample,120,RIGHTS,442,2,0.004525
baseline_sample,180,GO,442,0,0.0
baseline_sample,180,CONSOLIDATION,442,3,0.006787
baseline_sample,180,PLACING,442,19,0.042986
baseline_sample,180,RIGHTS,442,2,0.004525
signal,60,GO,1226,19,0.015498
signal,60,CONSOLIDATION,1226,8,0.006525
signal,60,PLACING,1226,24,0.019576
signal,60,RIGHTS,1226,12,0.009788
signal,120,GO,1226,27,0.022023
signal,120,CONSOLIDATION,1226,19,0.015498
signal,120,PLACING,1226,63,0.051387
signal,120,RIGHTS,1226,24,0.019576
signal,180,GO,1226,40,0.032626
signal,180,CONSOLIDATION,1226,24,0.019576
signal,180,PLACING,1226,96,0.078303
signal,180,RIGHTS,1226,32,0.026101
