from_q,to_q,code5,name,change_type,evidence_date,note
2025Q3,2025Q4,00167,IDT INT'L,新入,,
2025Q3,2025Q4,00228,中能控股,新入,,
2025Q3,2025Q4,00643,恆富控股,新入,,
2025Q3,2025Q4,00834,盛融控股,新入,,
2025Q3,2025Q4,01348,滉達富控股,新入,,
2025Q3,2025Q4,01732,象興科技,新入,,
2025Q3,2025Q4,01757,環球華商俱樂部,新入,,
2025Q3,2025Q4,01959,中聚投資,新入,,
2025Q3,2025Q4,01980,天鴿互動,新入,,
2025Q3,2025Q4,02442,怡俊集團控股,新入,,
2025Q3,2025Q4,02623,香港黃金產業集團,新入,,
2025Q3,2025Q4,02680,南強控股,新入,,
2025Q3,2025Q4,03389,亨得利,新入,,
2025Q3,2025Q4,06182,乙德投資控股,新入,,
2025Q3,2025Q4,08146,怡園酒業,新入,,
2025Q3,2025Q4,08208,永通萬國集團,新入,,
2025Q3,2025Q4,08403,德豐宿來,新入,,
2025Q3,2025Q4,08413,亞洲富思,新入,,
2025Q3,2025Q4,08622,愉悅集團,新入,,
2025Q3,2025Q4,09929,澳達控股,新入,,
2025Q3,2025Q4,01079,松景科技,畢業_開始配供,2025-12-04,期內有 PLACING/RIGHTS 公佈
2025Q3,2025Q4,01749,杉杉品牌,跌出,,GO 老化出 180 日窗或未再上榜
2025Q3,2025Q4,02350,數科集團,畢業_開始配供,2025-12-31,期內有 PLACING/RIGHTS 公佈
2025Q3,2025Q4,08035,駿高控股,跌出,,GO 老化出 180 日窗或未再上榜
2025Q4,2026Q1,01429,天任集團,新入,,
2025Q4,2026Q1,01546,德萊建業,新入,,
2025Q4,2026Q1,01716,毛記葵湧,新入,,
2025Q4,2026Q1,01940,CGII HLDGS,新入,,
2025Q4,2026Q1,02427,GUANZE MEDICAL,新入,,
2025Q4,2026Q1,03938,LFG投資控股,新入,,
2025Q4,2026Q1,08031,易通訊集團,新入,,
2025Q4,2026Q1,08448,環球印館,新入,,
2025Q4,2026Q1,00167,IDT INT'L,畢業_開始配供,2026-02-13,期內有 PLACING/RIGHTS 公佈
2025Q4,2026Q1,00361,漢成發展控股,跌出,,GO 老化出 180 日窗或未再上榜
2025Q4,2026Q1,00932,順騰國際控股,跌出,,GO 老化出 180 日窗或未再上榜
2025Q4,2026Q1,01351,輝煌明天,跌出,,GO 老化出 180 日窗或未再上榜
2025Q4,2026Q1,01376,RAFFLESINTERIOR,跌出,,GO 老化出 180 日窗或未再上榜
2025Q4,2026Q1,01489,GC CONSTRUCTION,跌出,,GO 老化出 180 日窗或未再上榜
2025Q4,2026Q1,02623,香港黃金產業集團,畢業_開始配供,2026-01-29,期內有 PLACING/RIGHTS 公佈
2025Q4,2026Q1,06136,康達環保,跌出,,GO 老化出 180 日窗或未再上榜
2025Q4,2026Q1,08050,城市酷選,跌出,,GO 老化出 180 日窗或未再上榜
2025Q4,2026Q1,08106,芯化蘭德,畢業_開始配供,2026-02-11,期內有 PLACING/RIGHTS 公佈
2025Q4,2026Q1,08507,愛世紀集團,畢業_開始配供,2026-03-19,期內有 PLACING/RIGHTS 公佈
2026Q1,2026Q2,00167,IDT INT'L,新入,,
2026Q1,2026Q2,00701,北海集團,新入,,
2026Q1,2026Q2,00784,愛生命國際,新入,,
2026Q1,2026Q2,01417,浦江中國,新入,,
2026Q1,2026Q2,01451,萬成集團股份,新入,,
2026Q1,2026Q2,01657,樺欣控股,新入,,
2026Q1,2026Q2,01780,榮尊國際控股,新入,,
2026Q1,2026Q2,01796,中國數智科技,新入,,
2026Q1,2026Q2,01932,中漆集團,新入,,
2026Q1,2026Q2,01953,賽孚迅國際,新入,,
2026Q1,2026Q2,08162,港銀控股,新入,,
2026Q1,2026Q2,08439,新百利融資,新入,,
2026Q1,2026Q2,00228,中能控股,跌出,,GO 老化出 180 日窗或未再上榜
2026Q1,2026Q2,00643,恆富控股,跌出,,GO 老化出 180 日窗或未再上榜
2026Q1,2026Q2,00834,盛融控股,跌出,,GO 老化出 180 日窗或未再上榜
2026Q1,2026Q2,01348,滉達富控股,跌出,,GO 老化出 180 日窗或未再上榜
2026Q1,2026Q2,01732,象興科技,跌出,,GO 老化出 180 日窗或未再上榜
2026Q1,2026Q2,01757,環球華商俱樂部,跌出,,GO 老化出 180 日窗或未再上榜
2026Q1,2026Q2,01959,中聚投資,跌出,,GO 老化出 180 日窗或未再上榜
2026Q1,2026Q2,02442,怡俊集團控股,跌出,,GO 老化出 180 日窗或未再上榜
2026Q1,2026Q2,02680,南強控股,跌出,,GO 老化出 180 日窗或未再上榜
2026Q1,2026Q2,03389,亨得利,跌出,,GO 老化出 180 日窗或未再上榜
2026Q1,2026Q2,06182,乙德投資控股,跌出,,GO 老化出 180 日窗或未再上榜
2026Q1,2026Q2,08031,易通訊集團,畢業_開始配供,2026-06-01,期內有 PLACING/RIGHTS 公佈
2026Q1,2026Q2,08146,怡園酒業,跌出,,GO 老化出 180 日窗或未再上榜
2026Q1,2026Q2,08208,永通萬國集團,跌出,,GO 老化出 180 日窗或未再上榜
2026Q1,2026Q2,08403,德豐宿來,畢業_開始配供,2026-04-10,期內有 PLACING/RIGHTS 公佈
2026Q1,2026Q2,08413,亞洲富思,跌出,,GO 老化出 180 日窗或未再上榜
2026Q1,2026Q2,08622,愉悅集團,跌出,,GO 老化出 180 日窗或未再上榜
2026Q1,2026Q2,09929,澳達控股,跌出,,GO 老化出 180 日窗或未再上榜
2026Q2,2026Q3,00368,德合集團,新入,,
2026Q2,2026Q3,00989,中國長白山國際,新入,,
2026Q2,2026Q3,01037,雲智匯科技,新入,,
2026Q2,2026Q3,01633,上諭集團,新入,,
2026Q2,2026Q3,02295,豐城控股,新入,,
2026Q2,2026Q3,02381,蜆殼電業,新入,,
2026Q2,2026Q3,02535,泓基集團,新入,,
2026Q2,2026Q3,06083,環宇物流(亞洲),新入,,
2026Q2,2026Q3,08483,名仕快相,新入,,
2026Q2,2026Q3,09978,方圓生活服務,新入,,
2026Q2,2026Q3,01429,天任集團,畢業_開始配供,2026-08-14,期內有 PLACING/RIGHTS 公佈
2026Q2,2026Q3,01546,德萊建業,跌出,,GO 老化出 180 日窗或未再上榜
2026Q2,2026Q3,01716,毛記葵湧,畢業_開始配供,2026-07-07,期內有 PLACING/RIGHTS 公佈
2026Q2,2026Q3,01940,CGII HLDGS,跌出,,GO 老化出 180 日窗或未再上榜
2026Q2,2026Q3,01980,天鴿互動,跌出,,GO 老化出 180 日窗或未再上榜
2026Q2,2026Q3,02427,GUANZE MEDICAL,跌出,,GO 老化出 180 日窗或未再上榜
2026Q2,2026Q3,03938,LFG投資控股,跌出,,GO 老化出 180 日窗或未再上榜
2026Q2,2026Q3,08448,環球印館,跌出,,GO 老化出 180 日窗或未再上榜
