code5,date,source_change_pct,high,prev_close,max_pct,n_max_est,t5_return_pct,t10_return_pct,t20_return_pct
08507,2026-04-22,29.17,0.335,0.283,18.3746,0.0,57.2438,85.5124,327.5618
06610,2026-04-22,30.08,1.75,1.23,42.2764,2.0,-8.4416,-13.6364,-22.0779
01850,2026-04-22,24.21,1.26,0.95,32.6316,1.0,29.7521,18.1818,44.6281
06610,2026-04-22,42.28,1.75,1.23,42.2764,2.0,-8.4416,-13.6364,-22.0779
08193,2026-04-22,47.37,0.51,0.285,78.9474,3.0,20.0,15.7143,11.4286
08193,2026-04-23,51.43,0.57,0.35,62.8571,3.0,-3.6145,-3.6145,-31.3253
00379,2026-04-23,134.72,0.193,0.072,168.0556,8.0,-7.9646,0.0,16.8142
00947,2026-04-23,25.27,0.236,0.182,29.6703,1.0,-5.2174,-6.087,-17.3913
03398,2026-04-23,94.44,0.132,0.054,144.4444,7.0,-28.3465,-18.8976,-6.2992
03398,2026-04-23,122.22,0.132,0.054,144.4444,7.0,-28.3465,-18.8976,-6.2992
03398,2026-04-23,135.19,0.132,0.054,144.4444,7.0,-28.3465,-18.8976,-6.2992
00911,2026-04-24,22.03,0.485,0.295,64.4068,3.0,153.6585,119.5122,70.7317
00911,2026-04-24,32.20,0.485,0.295,64.4068,3.0,153.6585,119.5122,70.7317
00911,2026-04-24,44.07,0.485,0.295,64.4068,3.0,153.6585,119.5122,70.7317
00381,2026-04-24,24.46,0.174,0.139,25.1799,1.0,-7.2848,-13.9073,-21.1921
01087,2026-04-24,20.78,1.01,0.77,31.1688,1.0,-32.9897,-3.0928,-25.7732
00499,2026-04-24,105.65,0.27,0.124,117.7419,5.0,-4.8544,-2.4272,-10.1942
00499,2026-04-25,66.13,,,,,,,
00911,2026-04-25,38.98,,,,,,,
01087,2026-04-25,25.97,,,,,,,
06610,2026-04-25,22.46,,,,,,,
00499,2026-04-26,66.13,,,,,,,
00911,2026-04-26,38.98,,,,,,,
01087,2026-04-26,25.97,,,,,,,
06610,2026-04-26,22.46,,,,,,,
00524,2026-04-27,76.36,0.98,0.55,78.1818,3.0,38.5542,22.8916,77.1084
00911,2026-04-27,48.78,1.09,0.41,165.8537,8.0,-6.0606,-17.1717,-27.2727
06988,2026-04-28,20.00,0.134,0.105,27.619,1.0,-12.1951,-5.6911,-27.6423
00532,2026-04-28,23.53,0.405,0.255,58.8235,2.0,9.2105,60.5263,97.3684
01912,2026-04-28,42.86,0.75,0.42,78.5714,3.0,,,
00532,2026-04-28,35.29,0.405,0.255,58.8235,2.0,9.2105,60.5263,97.3684
00532,2026-04-28,54.90,0.405,0.255,58.8235,2.0,9.2105,60.5263,97.3684
01682,2026-04-29,32.62,0.178,0.136,30.8824,1.0,16.8831,47.4026,72.0779
00911,2026-04-29,44.07,1.28,0.59,116.9492,5.0,-26.6667,-40.8333,-37.5
00911,2026-04-29,72.88,1.28,0.59,116.9492,5.0,-26.6667,-40.8333,-37.5
01472,2026-04-29,22.09,0.13,0.086,51.1628,2.0,8.0,1.6,12.0
01472,2026-04-29,32.56,0.13,0.086,51.1628,2.0,8.0,1.6,12.0
02936,2026-04-29,136.67,,,,,,,
00911,2026-04-29,96.61,1.28,0.59,116.9492,5.0,-26.6667,-40.8333,-37.5
01472,2026-04-29,46.51,0.13,0.086,51.1628,2.0,8.0,1.6,12.0
03997,2026-04-29,20.00,1.83,1.45,26.2069,1.0,4.4944,0.0,56.7416
09982,2026-04-30,28.81,0.114,0.059,93.2203,4.0,69.8795,56.6265,44.5783
09982,2026-04-30,27.12,0.114,0.059,93.2203,4.0,69.8795,56.6265,44.5783
09982,2026-04-30,27.12,0.114,0.059,93.2203,4.0,69.8795,56.6265,44.5783
08281,2026-04-30,110.71,0.385,0.14,175.0,8.0,0.0,21.1538,-4.6154
08436,2026-04-30,25.86,0.41,0.29,41.3793,2.0,23.1884,18.8406,-11.5942
01912,2026-04-30,31.76,0.66,0.425,55.2941,2.0,,,
01912,2026-04-30,43.53,0.66,0.425,55.2941,2.0,,,
01162,2026-04-30,34.83,0.24,0.178,34.8315,1.0,-14.6667,-11.1111,-11.1111
09958,2026-04-30,24.29,0.22,0.177,24.2938,1.0,-16.3636,-37.2727,-33.1818
01162,2026-05-01,26.40,,,,,,,
08281,2026-05-01,85.71,,,,,,,
09958,2026-05-01,24.29,,,,,,,
00318,2026-05-04,63.49,1.35,,,0.0,-17.0,-19.0,-28.0
00243,2026-05-05,32.08,0.95,0.53,79.2453,3.0,-4.8387,-17.7419,9.6774
00243,2026-05-05,45.28,0.95,0.53,79.2453,3.0,-4.8387,-17.7419,9.6774
08439,2026-05-05,132.56,4.83,,,0.0,8.6758,-2.7397,-30.137
00243,2026-05-05,56.60,0.95,0.53,79.2453,3.0,-4.8387,-17.7419,9.6774
00399,2026-05-05,34.55,0.106,0.055,92.7273,4.0,,,
00399,2026-05-05,81.82,0.106,0.055,92.7273,4.0,,,
01341,2026-05-05,21.05,0.026,0.019,36.8421,1.0,-8.6957,-8.6957,13.0435
00243,2026-05-05,75.47,0.95,0.53,79.2453,3.0,-4.8387,-17.7419,9.6774
00118,2026-05-05,74.36,0.41,0.195,110.2564,5.0,-3.1746,-17.4603,-27.3016
08439,2026-05-05,161.63,4.83,,,0.0,8.6758,-2.7397,-30.137
01843,2026-05-05,25.00,0.265,0.196,35.2041,1.0,0.0,-1.8182,4.0909
00118,2026-05-05,94.87,0.41,0.195,110.2564,5.0,-3.1746,-17.4603,-27.3016
00118,2026-05-05,105.13,0.41,0.195,110.2564,5.0,-3.1746,-17.4603,-27.3016
01633,2026-05-05,22.86,0.485,0.35,38.5714,1.0,1.1494,-8.046,6.8966
08439,2026-05-05,174.42,4.83,,,0.0,8.6758,-2.7397,-30.137
01633,2026-05-05,35.71,0.485,0.35,38.5714,1.0,1.1494,-8.046,6.8966
08439,2026-05-05,188.37,4.83,,,0.0,8.6758,-2.7397,-30.137
08529,2026-05-05,27.45,0.366,0.246,48.7805,2.0,24.9307,38.7812,55.1247
08529,2026-05-05,39.22,0.366,0.246,48.7805,2.0,24.9307,38.7812,55.1247
01843,2026-05-05,35.20,0.265,0.196,35.2041,1.0,0.0,-1.8182,4.0909
01341,2026-05-05,31.58,0.026,0.019,36.8421,1.0,-8.6957,-8.6957,13.0435
01932,2026-05-05,29.39,0.475,0.228,108.3333,5.0,-34.0909,-43.4091,-48.1818
08490,2026-05-05,44.86,0.229,0.107,114.0187,5.0,-7.5269,-17.7419,-5.3763
08490,2026-05-05,68.22,0.229,0.107,114.0187,5.0,-7.5269,-17.7419,-5.3763
00725,2026-05-05,38.82,1.21,0.81,49.3827,2.0,-20.339,-14.4068,-6.7797
08490,2026-05-05,94.39,0.229,0.107,114.0187,5.0,-7.5269,-17.7419,-5.3763
01284,2026-05-05,25.68,0.455,0.345,31.8841,1.0,-11.236,-11.236,1.1236
01932,2026-05-05,40.35,0.475,0.228,108.3333,5.0,-34.0909,-43.4091,-48.1818
01932,2026-05-05,57.89,0.475,0.228,108.3333,5.0,-34.0909,-43.4091,-48.1818
01932,2026-05-05,71.05,0.475,0.228,108.3333,5.0,-34.0909,-43.4091,-48.1818
01932,2026-05-05,82.02,0.475,0.228,108.3333,5.0,-34.0909,-43.4091,-48.1818
01932,2026-05-05,97.37,0.475,0.228,108.3333,5.0,-34.0909,-43.4091,-48.1818
06080,2026-05-05,22.73,0.19,0.154,23.3766,1.0,-13.2275,2.1164,-11.1111
06893,2026-05-06,32.65,0.16,0.098,63.2653,3.0,5.8333,154.1667,83.3333
01718,2026-05-06,20.97,0.4,0.31,29.0323,1.0,-2.7778,-9.7222,-8.3333
06893,2026-05-06,42.86,0.16,0.098,63.2653,3.0,5.8333,154.1667,83.3333
00309,2026-05-07,84.37,2.52,1.28,96.875,4.0,-2.7027,-16.2162,-21.6216
03919,2026-05-07,50.00,3.08,1.4,120.0,6.0,-22.2727,-35.9091,-50.0
03919,2026-05-07,61.43,3.08,1.4,120.0,6.0,-22.2727,-35.9091,-50.0
08529,2026-05-07,20.59,0.711,0.331,114.8036,5.0,-36.8664,-26.1137,-23.9631
08529,2026-05-07,32.35,0.711,0.331,114.8036,5.0,-36.8664,-26.1137,-23.9631
08529,2026-05-07,44.12,0.711,0.331,114.8036,5.0,-36.8664,-26.1137,-23.9631
03919,2026-05-07,85.71,3.08,1.4,120.0,6.0,-22.2727,-35.9091,-50.0
01808,2026-05-07,35.56,1.3,0.9,44.4444,2.0,14.1667,10.0,85.0
02370,2026-05-07,20.22,1.07,0.89,20.2247,1.0,-9.5238,18.0952,5.7143
08490,2026-05-07,30.87,0.197,0.149,32.2148,1.0,-3.5294,-8.8235,14.7059
03919,2026-05-07,96.43,3.08,1.4,120.0,6.0,-22.2727,-35.9091,-50.0
08529,2026-05-07,67.65,0.711,0.331,114.8036,5.0,-36.8664,-26.1137,-23.9631
03919,2026-05-07,116.43,3.08,1.4,120.0,6.0,-22.2727,-35.9091,-50.0
08529,2026-05-07,82.35,0.711,0.331,114.8036,5.0,-36.8664,-26.1137,-23.9631
01682,2026-05-07,22.41,0.193,0.163,18.4049,0.0,26.1111,36.6667,24.4444
01087,2026-05-07,41.10,1.07,0.73,46.5753,2.0,-15.0538,-24.7312,-4.3011
00118,2026-05-07,23.21,0.52,0.28,85.7143,4.0,-32.1839,-41.3793,-50.1149
08529,2026-05-07,94.12,0.711,0.331,114.8036,5.0,-36.8664,-26.1137,-23.9631
00118,2026-05-07,46.43,0.52,0.28,85.7143,4.0,-32.1839,-41.3793,-50.1149
08532,2026-05-07,29.69,0.092,0.064,43.75,2.0,-19.5402,-20.6897,-22.9885
00118,2026-05-07,85.71,0.52,0.28,85.7143,4.0,-32.1839,-41.3793,-50.1149
08529,2026-05-07,105.88,0.711,0.331,114.8036,5.0,-36.8664,-26.1137,-23.9631
06928,2026-05-08,23.32,0.31,0.223,39.0135,1.0,-15.7895,-18.2456,-20.3509
06928,2026-05-08,34.53,0.31,0.223,39.0135,1.0,-15.7895,-18.2456,-20.3509
08400,2026-05-08,71.76,0.163,0.085,91.7647,4.0,-11.9403,-5.2239,-21.6418
08400,2026-05-08,90.59,0.163,0.085,91.7647,4.0,-11.9403,-5.2239,-21.6418
00139,2026-05-08,21.24,0.139,0.113,23.0088,1.0,-6.5693,-9.4891,-6.5693
00821,2026-05-08,30.43,0.455,0.23,97.8261,4.0,-16.6667,-21.2121,-19.697
00821,2026-05-08,47.83,0.455,0.23,97.8261,4.0,-16.6667,-21.2121,-19.697
00821,2026-05-08,58.70,0.455,0.23,97.8261,4.0,-16.6667,-21.2121,-19.697
00821,2026-05-08,73.91,0.455,0.23,97.8261,4.0,-16.6667,-21.2121,-19.697
08160,2026-05-08,23.53,0.63,0.51,23.5294,1.0,-3.2258,-3.2258,12.9032
01500,2026-05-11,38.64,0.345,0.22,56.8182,2.0,5.2632,5.2632,0.0
01500,2026-05-11,56.82,0.345,0.22,56.8182,2.0,5.2632,5.2632,0.0
00048,2026-05-11,46.43,0.445,0.28,58.9286,2.0,-3.6585,0.0,-12.1951
01087,2026-05-11,32.35,1.04,0.68,52.9412,2.0,-26.5957,-23.4043,-8.5106
00048,2026-05-11,57.14,0.445,0.28,58.9286,2.0,-3.6585,0.0,-12.1951
01087,2026-05-11,42.65,1.04,0.68,52.9412,2.0,-26.5957,-23.4043,-8.5106
01803,2026-05-12,55.56,0.18,0.09,100.0,5.0,-29.2453,-32.0755,-36.7925
01013,2026-05-12,37.50,1.26,0.8,57.5,2.0,-6.4516,-26.8817,-46.2366
01013,2026-05-12,50.00,1.26,0.8,57.5,2.0,-6.4516,-26.8817,-46.2366
00471,2026-05-12,21.30,0.22,0.169,30.1775,1.0,-12.844,-22.9358,-24.7706
01631,2026-05-13,77.19,1.33,0.57,133.3333,6.0,25.7576,8.3333,18.1818
01631,2026-05-13,89.47,1.33,0.57,133.3333,6.0,25.7576,8.3333,18.1818
06968,2026-05-13,39.56,0.18,0.091,97.8022,4.0,32.716,14.1975,8.642
06968,2026-05-13,52.75,0.18,0.091,97.8022,4.0,32.716,14.1975,8.642
06968,2026-05-13,63.74,0.18,0.091,97.8022,4.0,32.716,14.1975,8.642
06968,2026-05-13,78.02,0.18,0.091,97.8022,4.0,32.716,14.1975,8.642
01631,2026-05-13,107.02,1.33,0.57,133.3333,6.0,25.7576,8.3333,18.1818
06080,2026-05-13,28.05,0.239,0.164,45.7317,2.0,-6.3107,-15.534,-19.9029
06080,2026-05-13,40.24,0.239,0.164,45.7317,2.0,-6.3107,-15.534,-19.9029
01722,2026-05-13,28.21,0.113,0.078,44.8718,2.0,-17.9245,-24.5283,-18.8679
08450,2026-05-13,31.35,0.315,0.185,70.2703,3.0,-21.6393,-22.623,-1.6393
01722,2026-05-13,39.74,0.113,0.078,44.8718,2.0,-17.9245,-24.5283,-18.8679
08450,2026-05-13,43.24,0.315,0.185,70.2703,3.0,-21.6393,-22.623,-1.6393
01631,2026-05-13,121.05,1.33,0.57,133.3333,6.0,25.7576,8.3333,18.1818
06968,2026-05-13,92.31,0.18,0.091,97.8022,4.0,32.716,14.1975,8.642
03321,2026-05-13,20.48,1.08,0.83,30.1205,1.0,91.6667,33.3333,28.7037
08221,2026-05-13,34.46,1.99,1.48,34.4595,1.0,23.4568,40.7407,29.6296
08120,2026-05-13,33.33,1.03,0.72,43.0556,2.0,76.7677,160.6061,111.1111
02231,2026-05-13,73.53,0.067,0.034,97.0588,4.0,-52.2388,-55.2239,-71.6418
08450,2026-05-13,54.05,0.315,0.185,70.2703,3.0,-21.6393,-22.623,-1.6393
01741,2026-05-13,22.89,0.3,0.201,49.2537,2.0,1.6667,-18.3333,-28.6667
02231,2026-05-13,94.12,0.067,0.034,97.0588,4.0,-52.2388,-55.2239,-71.6418
01741,2026-05-13,39.30,0.3,0.201,49.2537,2.0,1.6667,-18.3333,-28.6667
01631,2026-05-13,133.33,1.33,0.57,133.3333,6.0,25.7576,8.3333,18.1818
01741,2026-05-13,51.74,0.3,0.201,49.2537,2.0,1.6667,-18.3333,-28.6667
08450,2026-05-13,64.86,0.315,0.185,70.2703,3.0,-21.6393,-22.623,-1.6393
01087,2026-05-14,26.58,1.23,0.79,55.6962,2.0,-11.3924,-11.3924,15.1899
02231,2026-05-14,46.27,0.11,0.067,64.1791,3.0,-32.5581,-34.8837,-48.8372
08527,2026-05-14,104.68,0.5,,,0.0,-38.125,-17.5,38.125
08527,2026-05-14,128.07,0.5,,,0.0,-38.125,-17.5,38.125
01741,2026-05-14,20.00,0.395,0.3,31.6667,1.0,12.963,-9.2593,-22.2222
02946,2026-05-14,43.90,,,,,,,
02946,2026-05-14,60.98,,,,,,,
01581,2026-05-14,41.18,0.59,0.34,73.5294,3.0,-15.9091,-14.7727,-26.1364
01740,2026-05-14,41.60,0.199,0.125,59.2,2.0,13.9241,20.2532,3.1646
01069,2026-05-14,21.82,0.36,0.275,30.9091,1.0,-4.7619,-11.1111,-4.7619
01581,2026-05-14,61.76,0.59,0.34,73.5294,3.0,-15.9091,-14.7727,-26.1364
01417,2026-05-14,39.53,0.68,0.215,216.2791,10.0,201.8519,203.7037,246.2963
01417,2026-05-14,55.81,0.68,0.215,216.2791,10.0,201.8519,203.7037,246.2963
01417,2026-05-14,81.40,0.68,0.215,216.2791,10.0,201.8519,203.7037,246.2963
01417,2026-05-14,109.30,0.68,0.215,216.2791,10.0,201.8519,203.7037,246.2963
08480,2026-05-14,20.00,0.24,0.18,33.3333,1.0,-3.6649,23.0366,17.801
01417,2026-05-14,179.07,0.68,0.215,216.2791,10.0,201.8519,203.7037,246.2963
01417,2026-05-14,206.98,0.68,0.215,216.2791,10.0,201.8519,203.7037,246.2963
01737,2026-05-14,46.67,0.163,0.105,55.2381,2.0,-13.3333,-4.0,16.6667
00726,2026-05-14,39.39,0.056,0.033,69.697,3.0,-13.0435,-8.6957,8.6957
08471,2026-05-15,84.09,1.74,0.88,97.7273,4.0,-56.7164,-55.2239,-61.194
06968,2026-05-15,21.74,0.179,0.138,29.7101,1.0,33.9744,23.7179,14.1026
08529,2026-05-15,30.95,0.581,0.411,41.3625,2.0,-1.9194,1.7274,-15.547
01894,2026-05-15,20.59,0.435,0.34,27.9412,1.0,-5.0633,-6.3291,-6.3291
08549,2026-05-15,28.32,0.295,0.226,30.531,1.0,-8.6207,-14.8276,-22.7586
01559,2026-05-18,43.33,0.094,0.06,56.6667,2.0,-17.8571,-36.9048,-39.2857
03997,2026-05-18,22.02,2.06,1.68,22.619,1.0,-5.3191,35.6383,40.9574
01536,2026-05-18,28.85,0.335,0.26,28.8462,1.0,-23.8806,-16.4179,-16.4179
06893,2026-05-19,72.06,0.415,0.136,205.1471,10.0,-8.7719,-16.1404,-22.807
06893,2026-05-19,94.85,0.415,0.136,205.1471,10.0,-8.7719,-16.1404,-22.807
02370,2026-05-19,27.84,1.25,0.97,28.866,1.0,10.8911,0.9901,8.9109
06893,2026-05-19,135.29,0.415,0.136,205.1471,10.0,-8.7719,-16.1404,-22.807
06893,2026-05-19,168.38,0.415,0.136,205.1471,10.0,-8.7719,-16.1404,-22.807
06893,2026-05-19,179.41,0.415,0.136,205.1471,10.0,-8.7719,-16.1404,-22.807
06893,2026-05-19,190.44,0.415,0.136,205.1471,10.0,-8.7719,-16.1404,-22.807
03321,2026-05-19,21.05,1.87,1.52,23.0263,1.0,-19.2513,-18.1818,-25.1337
08120,2026-05-20,28.18,1.75,1.1,59.0909,2.0,47.4286,24.0,30.8571
08187,2026-05-20,21.57,0.63,0.51,23.5294,1.0,-11.6667,-11.6667,-17.5
01340,2026-05-20,29.41,0.576,0.408,41.1765,2.0,-3.5088,8.7719,50.8772
08120,2026-05-20,40.00,1.75,1.1,59.0909,2.0,47.4286,24.0,30.8571
08120,2026-05-20,59.09,1.75,1.1,59.0909,2.0,47.4286,24.0,30.8571
01340,2026-05-21,49.12,0.72,0.456,57.8947,2.0,-19.1176,7.3529,19.1176
08042,2026-05-21,47.37,0.091,0.057,59.6491,2.0,-24.0964,-3.6145,-6.0241
02022,2026-05-21,20.00,0.075,0.055,36.3636,1.0,-19.403,-2.9851,-17.9104
00162,2026-05-22,109.30,0.1,0.043,132.5581,6.0,-32.0988,-35.8025,-44.4444
00524,2026-05-22,31.58,1.2,0.76,57.8947,2.0,82.243,128.972,71.9626
01796,2026-05-22,44.74,0.7,0.38,84.2105,4.0,-10.5263,-22.807,-38.5965
01796,2026-05-22,55.26,0.7,0.38,84.2105,4.0,-10.5263,-22.807,-38.5965
02129,2026-05-22,23.23,0.215,0.155,38.7097,1.0,30.0,-1.0,-0.5
01796,2026-05-22,65.79,0.7,0.38,84.2105,4.0,-10.5263,-22.807,-38.5965
00162,2026-05-22,130.23,0.1,0.043,132.5581,6.0,-32.0988,-35.8025,-44.4444
02129,2026-05-22,33.55,0.215,0.155,38.7097,1.0,30.0,-1.0,-0.5
00524,2026-05-22,43.42,1.2,0.76,57.8947,2.0,82.243,128.972,71.9626
08480,2026-05-22,30.43,0.27,0.184,46.7391,2.0,2.5,3.3333,-26.6667
00162,2026-05-25,88.37,,,,,,,
00524,2026-05-25,40.79,,,,,,,
01796,2026-05-25,50.00,,,,,,,
02129,2026-05-25,29.03,,,,,,,
08480,2026-05-25,30.43,,,,,,,
08490,2026-05-26,35.14,0.255,0.148,72.2973,3.0,-22.0588,-20.5882,-23.0392
00243,2026-05-26,32.73,0.85,0.55,54.5455,2.0,-25.0,-21.25,-40.625
00243,2026-05-26,49.09,0.85,0.55,54.5455,2.0,-25.0,-21.25,-40.625
08490,2026-05-26,55.41,0.255,0.148,72.2973,3.0,-22.0588,-20.5882,-23.0392
08490,2026-05-26,67.57,0.255,0.148,72.2973,3.0,-22.0588,-20.5882,-23.0392
02028,2026-05-27,60.15,0.248,0.133,86.4662,4.0,413.2275,370.8995,381.4815
08268,2026-05-27,22.36,0.315,0.237,32.9114,1.0,0.0,5.8824,-3.5294
01162,2026-05-27,21.16,0.23,0.189,21.6931,1.0,-6.7961,-11.165,-14.0777
01259,2026-05-28,20.59,0.055,0.034,61.7647,3.0,-15.2174,-28.2609,-34.7826
01679,2026-05-28,101.92,1.16,0.52,123.0769,6.0,124.4444,117.7778,91.1111
01259,2026-05-28,47.06,0.055,0.034,61.7647,3.0,-15.2174,-28.2609,-34.7826
02028,2026-05-28,21.16,0.5,0.189,164.5503,8.0,151.2195,107.3171,126.8293
02028,2026-05-28,32.28,0.5,0.189,164.5503,8.0,151.2195,107.3171,126.8293
02028,2026-05-28,58.73,0.5,0.189,164.5503,8.0,151.2195,107.3171,126.8293
02028,2026-05-28,74.60,0.5,0.189,164.5503,8.0,151.2195,107.3171,126.8293
02028,2026-05-28,85.19,0.5,0.189,164.5503,8.0,151.2195,107.3171,126.8293
02028,2026-05-28,95.77,0.5,0.189,164.5503,8.0,151.2195,107.3171,126.8293
02028,2026-05-28,124.87,0.5,0.189,164.5503,8.0,151.2195,107.3171,126.8293
02028,2026-05-28,151.32,0.5,0.189,164.5503,8.0,151.2195,107.3171,126.8293
08070,2026-05-29,22.73,1.66,1.1,50.9091,2.0,-14.5695,-15.894,-25.1656
08070,2026-05-29,34.55,1.66,1.1,50.9091,2.0,-14.5695,-15.894,-25.1656
08070,2026-05-29,45.45,1.66,1.1,50.9091,2.0,-14.5695,-15.894,-25.1656
02310,2026-05-29,75.44,0.25,0.114,119.2982,5.0,-29.902,-23.0392,-29.4118
06128,2026-05-29,21.43,0.072,0.056,28.5714,1.0,3.0769,-4.6154,-10.7692
01472,2026-05-29,24.53,0.145,0.106,36.7925,1.0,-10.0,-30.0,-30.7143
01472,2026-05-29,35.85,0.145,0.106,36.7925,1.0,-10.0,-30.0,-30.7143
00889,2026-06-01,46.51,1.35,0.43,213.9535,10.0,-46.6667,-60.0,-52.5926
01991,2026-06-01,25.86,0.8,,,0.0,3.1746,-4.7619,-12.6984
00889,2026-06-01,83.72,1.35,0.43,213.9535,10.0,-46.6667,-60.0,-52.5926
00889,2026-06-01,100.00,1.35,0.43,213.9535,10.0,-46.6667,-60.0,-52.5926
01796,2026-06-01,27.27,0.56,0.385,45.4545,2.0,-13.7255,-22.549,-38.2353
01796,2026-06-01,40.26,0.56,0.385,45.4545,2.0,-13.7255,-22.549,-38.2353
00889,2026-06-01,111.63,1.35,0.43,213.9535,10.0,-46.6667,-60.0,-52.5926
00889,2026-06-01,127.91,1.35,0.43,213.9535,10.0,-46.6667,-60.0,-52.5926
00889,2026-06-01,144.19,1.35,0.43,213.9535,10.0,-46.6667,-60.0,-52.5926
00889,2026-06-01,174.42,1.35,0.43,213.9535,10.0,-46.6667,-60.0,-52.5926
00889,2026-06-01,200.00,1.35,0.43,213.9535,10.0,-46.6667,-60.0,-52.5926
00889,2026-06-01,213.95,1.35,0.43,213.9535,10.0,-46.6667,-60.0,-52.5926
08031,2026-06-02,74.19,0.6,0.31,93.5484,4.0,-8.3333,-13.8889,-40.7407
08031,2026-06-02,87.10,0.6,0.31,93.5484,4.0,-8.3333,-13.8889,-40.7407
00989,2026-06-02,33.33,0.98,0.6,63.3333,3.0,-7.0588,-10.5882,-8.2353
02956,2026-06-02,133.33,,,,,,,
01679,2026-06-02,25.00,1.42,0.96,47.9167,2.0,40.2878,34.5324,23.741
02956,2026-06-02,191.67,,,,,,,
01679,2026-06-02,35.42,1.42,0.96,47.9167,2.0,40.2878,34.5324,23.741
02956,2026-06-02,233.33,,,,,,,
00989,2026-06-02,45.00,0.98,0.6,63.3333,3.0,-7.0588,-10.5882,-8.2353
01679,2026-06-02,45.83,1.42,0.96,47.9167,2.0,40.2878,34.5324,23.741
02258,2026-06-03,50.94,0.689,0.201,242.7861,12.0,0.0,-13.6674,-22.5513
02258,2026-06-03,112.26,0.689,0.201,242.7861,12.0,0.0,-13.6674,-22.5513
02258,2026-06-03,220.75,0.689,0.201,242.7861,12.0,0.0,-13.6674,-22.5513
01771,2026-06-03,66.67,0.35,0.168,108.3333,5.0,-22.7273,-9.0909,-28.9256
00605,2026-06-03,25.33,1.03,0.75,37.3333,1.0,-3.2609,-7.6087,-16.3043
00385,2026-06-03,35.19,0.39,0.26,50.0,2.0,-6.8966,-5.1724,-1.7241
01771,2026-06-03,78.57,0.35,0.168,108.3333,5.0,-22.7273,-9.0909,-28.9256
00889,2026-06-03,23.29,1.01,0.73,38.3562,1.0,-39.1304,-33.6957,-38.0435
00865,2026-06-03,37.84,0.058,0.037,56.7568,2.0,1.9231,30.7692,1.9231
00243,2026-06-03,21.67,0.77,0.6,28.3333,1.0,-13.2353,-25.0,-38.2353
00953,2026-06-03,29.45,0.214,0.163,31.2883,1.0,-5.6122,-2.551,-9.6939
08268,2026-06-03,29.41,0.345,0.255,35.2941,1.0,5.8824,-1.9608,-21.1765
09968,2026-06-03,22.86,0.046,0.035,31.4286,1.0,0.0,-20.9302,-46.5116
00889,2026-06-03,34.25,1.01,0.73,38.3562,1.0,-39.1304,-33.6957,-38.0435
01468,2026-06-03,21.54,0.415,0.325,27.6923,1.0,-17.7215,-15.1899,-51.8987
09978,2026-06-04,81.25,0.42,0.16,162.5,8.0,-5.5794,-18.4549,-1.2876
09978,2026-06-04,96.88,0.42,0.16,162.5,8.0,-5.5794,-18.4549,-1.2876
09978,2026-06-04,118.75,0.42,0.16,162.5,8.0,-5.5794,-18.4549,-1.2876
01540,2026-06-04,24.39,0.64,0.41,56.0976,2.0,-15.6863,-20.5882,-2.9412
09978,2026-06-04,140.62,0.42,0.16,162.5,8.0,-5.5794,-18.4549,-1.2876
01540,2026-06-04,41.46,0.64,0.41,56.0976,2.0,-15.6863,-20.5882,-2.9412
08426,2026-06-04,48.00,0.375,0.25,50.0,2.0,0.0,3.8462,1.9231
00648,2026-06-04,24.09,1.88,1.37,37.2263,1.0,39.548,163.8418,-51.4124
08480,2026-06-04,33.03,0.3,0.218,37.6147,1.0,-13.8776,-15.9184,-32.2449
02951,2026-06-04,20.29,,,,,,,
02951,2026-06-04,31.16,,,,,,,
02459,2026-06-04,29.90,0.78,0.485,60.8247,3.0,6.4516,-4.8387,-9.6774
00648,2026-06-04,34.31,1.88,1.37,37.2263,1.0,39.548,163.8418,-51.4124
08373,2026-06-05,38.46,1.1,,,0.0,2.7778,0.0,-2.7778
01933,2026-06-05,25.57,0.49,0.219,123.7443,6.0,7.0423,-48.169,-50.9859
01933,2026-06-05,36.99,0.49,0.219,123.7443,6.0,7.0423,-48.169,-50.9859
01933,2026-06-05,48.40,0.49,0.219,123.7443,6.0,7.0423,-48.169,-50.9859
01933,2026-06-05,59.82,0.49,0.219,123.7443,6.0,7.0423,-48.169,-50.9859
01933,2026-06-05,78.08,0.49,0.219,123.7443,6.0,7.0423,-48.169,-50.9859
02459,2026-06-05,25.81,0.79,0.62,27.4194,1.0,-14.1026,-21.7949,-29.4872
00725,2026-06-05,22.73,1.5,1.1,36.3636,1.0,-19.4631,-30.2013,-34.2282
01933,2026-06-05,103.20,0.49,0.219,123.7443,6.0,7.0423,-48.169,-50.9859
08527,2026-06-05,32.50,0.225,0.16,40.625,2.0,5.7416,22.0096,7.6555
00725,2026-06-05,35.45,1.5,1.1,36.3636,1.0,-19.4631,-30.2013,-34.2282
01933,2026-06-08,57.75,0.6,0.355,69.0141,3.0,-16.6667,-58.8889,-57.1111
09978,2026-06-08,31.19,0.27,0.202,33.6634,1.0,0.4016,-12.0482,
01340,2026-06-08,21.92,0.76,0.584,30.137,1.0,13.4831,-11.236,-90.1685
08316,2026-06-08,21.34,,,,,,,
01912,2026-06-09,110.71,1.71,,,0.0,18.1818,-6.0606,4.8485
01912,2026-06-09,141.07,1.71,,,0.0,18.1818,-6.0606,4.8485
01912,2026-06-09,157.14,1.71,,,0.0,18.1818,-6.0606,4.8485
01912,2026-06-09,185.71,1.71,,,0.0,18.1818,-6.0606,4.8485
00648,2026-06-09,20.62,2.05,1.6,28.125,1.0,57.8431,186.7647,-54.4118
01825,2026-06-09,25.56,1.14,0.9,26.6667,1.0,34.5455,4.5455,
01912,2026-06-09,214.29,1.71,,,0.0,18.1818,-6.0606,4.8485
00648,2026-06-10,24.02,3.99,2.04,95.5882,4.0,40.625,110.0694,-71.1806
01613,2026-06-10,44.28,0.5,0.201,148.7562,7.0,-8.6022,-7.5269,-1.0753
00648,2026-06-10,37.25,3.99,2.04,95.5882,4.0,40.625,110.0694,-71.1806
00648,2026-06-10,55.88,3.99,2.04,95.5882,4.0,40.625,110.0694,-71.1806
01613,2026-06-10,56.72,0.5,0.201,148.7562,7.0,-8.6022,-7.5269,-1.0753
01613,2026-06-10,79.10,0.5,0.201,148.7562,7.0,-8.6022,-7.5269,-1.0753
00648,2026-06-10,80.88,3.99,2.04,95.5882,4.0,40.625,110.0694,-71.1806
06193,2026-06-10,70.37,0.52,0.27,92.5926,4.0,-3.6585,-17.0732,-9.7561
01613,2026-06-10,94.03,0.5,0.201,148.7562,7.0,-8.6022,-7.5269,-1.0753
01613,2026-06-10,111.44,0.5,0.201,148.7562,7.0,-8.6022,-7.5269,-1.0753
01613,2026-06-10,128.86,0.5,0.201,148.7562,7.0,-8.6022,-7.5269,-1.0753
01613,2026-06-10,141.29,0.5,0.201,148.7562,7.0,-8.6022,-7.5269,-1.0753
01793,2026-06-11,25.00,0.38,0.28,35.7143,1.0,-3.2787,22.9508,31.1475
08131,2026-06-11,37.38,0.17,0.107,58.8785,2.0,5.8333,47.5,75.0
08131,2026-06-11,48.60,0.17,0.107,58.8785,2.0,5.8333,47.5,75.0
01933,2026-06-11,22.78,0.5,0.395,26.5823,1.0,-51.8519,-54.5679,-50.8642
01825,2026-06-11,21.17,1.75,1.37,27.7372,1.0,-18.1818,-18.1818,
01912,2026-06-11,23.95,2.29,1.67,37.1257,1.0,-16.6667,-22.2222,-17.5926
01912,2026-06-11,36.53,2.29,1.67,37.1257,1.0,-16.6667,-22.2222,-17.5926
01323,2026-06-12,22.22,0.249,0.135,84.4444,4.0,22.0,46.0,25.3333
01323,2026-06-12,37.78,0.249,0.135,84.4444,4.0,22.0,46.0,25.3333
00355,2026-06-12,23.53,0.084,0.068,23.5294,1.0,-13.6986,-15.0685,-12.3288
01613,2026-06-12,25.00,0.57,0.38,50.0,2.0,-2.7027,12.1622,32.4324
01259,2026-06-12,21.21,0.043,0.033,30.303,1.0,-20.0,-25.0,-20.0
01323,2026-06-12,54.81,0.249,0.135,84.4444,4.0,22.0,46.0,25.3333
01323,2026-06-12,70.37,0.249,0.135,84.4444,4.0,22.0,46.0,25.3333
01613,2026-06-12,39.47,0.57,0.38,50.0,2.0,-2.7027,12.1622,32.4324
01340,2026-06-12,29.47,1.0,0.76,31.5789,1.0,-27.027,-91.3288,-43.6937
01613,2026-06-12,50.00,0.57,0.38,50.0,2.0,-2.7027,12.1622,32.4324
00381,2026-06-12,25.00,0.127,0.1,27.0,1.0,-10.3448,-13.7931,-15.5172
02370,2026-06-12,26.21,1.3,1.03,26.2136,1.0,-14.5161,-12.0968,-16.9355
00426,2026-06-12,45.71,0.255,0.14,82.1429,4.0,-48.2353,-43.1373,-42.7451
00426,2026-06-12,73.57,0.255,0.14,82.1429,4.0,-48.2353,-43.1373,-42.7451
00426,2026-06-12,85.71,0.255,0.14,82.1429,4.0,-48.2353,-43.1373,-42.7451
01671,2026-06-15,30.99,1.17,0.71,64.7887,3.0,-16.2791,-18.6047,-20.9302
01671,2026-06-15,45.07,1.17,0.71,64.7887,3.0,-16.2791,-18.6047,-20.9302
01671,2026-06-15,56.34,1.17,0.71,64.7887,3.0,-16.2791,-18.6047,-20.9302
01468,2026-06-15,20.97,0.375,0.31,20.9677,1.0,-17.1429,-43.7143,-45.7143
00328,2026-06-16,20.00,0.75,0.6,25.0,1.0,-23.8806,-23.8806,-17.9104
01613,2026-06-16,25.33,0.47,0.375,25.3333,1.0,-5.814,0.0,15.1163
01323,2026-06-16,22.62,0.217,0.168,29.1667,1.0,1.8605,-5.5814,-2.3256
01869,2026-06-17,31.87,0.168,0.091,84.6154,4.0,6.25,-10.7143,-11.6071
01869,2026-06-17,43.96,0.168,0.091,84.6154,4.0,6.25,-10.7143,-11.6071
00575,2026-06-17,78.95,1.22,0.57,114.0351,5.0,-9.8039,-3.9216,-10.7843
00575,2026-06-17,91.23,1.22,0.57,114.0351,5.0,-9.8039,-3.9216,-10.7843
00575,2026-06-17,101.75,1.22,0.57,114.0351,5.0,-9.8039,-3.9216,-10.7843
08365,2026-06-17,21.43,1.47,1.12,31.25,1.0,-18.1818,-41.958,-28.6713
00575,2026-06-17,112.28,1.22,0.57,114.0351,5.0,-9.8039,-3.9216,-10.7843
01134,2026-06-18,28.57,0.55,0.315,74.6032,3.0,-11.6883,-16.8831,-14.2857
01134,2026-06-18,39.68,0.55,0.315,74.6032,3.0,-11.6883,-16.8831,-14.2857
01134,2026-06-18,52.38,0.55,0.315,74.6032,3.0,-11.6883,-16.8831,-14.2857
01134,2026-06-18,71.43,0.55,0.315,74.6032,3.0,-11.6883,-16.8831,-14.2857
00899,2026-06-18,22.81,0.29,0.228,27.193,1.0,30.6533,28.1407,33.1658
00889,2026-06-18,22.95,0.78,0.61,27.8689,1.0,-17.8082,-23.2877,-39.726
08226,2026-06-18,24.00,0.098,0.075,30.6667,1.0,-3.0612,-6.1224,-13.2653
08226,2026-06-19,30.67,,,,,,,
08646,2026-06-22,49.53,0.39,0.214,82.243,4.0,-27.2727,-25.974,-40.2597
00889,2026-06-22,20.55,0.94,0.73,28.7671,1.0,-24.359,-32.0513,-41.0256
08646,2026-06-22,63.55,0.39,0.214,82.243,4.0,-27.2727,-25.974,-40.2597
08646,2026-06-22,79.91,0.39,0.214,82.243,4.0,-27.2727,-25.974,-40.2597
01752,2026-06-23,47.83,0.19,0.092,106.5217,5.0,-14.0625,-34.375,-22.6562
01752,2026-06-23,78.26,0.19,0.092,106.5217,5.0,-14.0625,-34.375,-22.6562
01752,2026-06-23,105.43,0.19,0.092,106.5217,5.0,-14.0625,-34.375,-22.6562
01850,2026-06-23,20.00,0.485,0.35,38.5714,1.0,-8.5714,21.4286,1.4286
01850,2026-06-23,32.86,0.485,0.35,38.5714,1.0,-8.5714,21.4286,1.4286
08547,2026-06-23,20.55,0.088,0.073,20.5479,1.0,16.6667,45.2381,23.8095
01613,2026-06-23,26.39,0.49,0.36,36.1111,1.0,4.8193,34.9398,22.8916
08123,2026-06-24,169.50,0.385,,,0.0,-8.1481,-11.1111,7.4074
03321,2026-06-24,21.55,1.41,1.16,21.5517,1.0,-2.963,-13.3333,-13.3333
01850,2026-06-24,20.00,0.46,0.35,31.4286,1.0,-19.7531,-2.4691,-13.5802
01850,2026-06-24,31.43,0.46,0.35,31.4286,1.0,-19.7531,-2.4691,-13.5802
01323,2026-06-24,26.58,0.219,0.158,38.6076,1.0,-7.3059,-10.0457,-7.7626
01323,2026-06-24,37.97,0.219,0.158,38.6076,1.0,-7.3059,-10.0457,-7.7626
01661,2026-06-25,20.16,2.0,1.29,55.0388,2.0,12.0,3.5,-19.5
01661,2026-06-25,44.19,2.0,1.29,55.0388,2.0,12.0,3.5,-19.5
01661,2026-06-25,55.04,2.0,1.29,55.0388,2.0,12.0,3.5,-19.5
01540,2026-06-26,34.18,0.58,0.395,46.8354,2.0,0.0,1.0101,3.0303
01156,2026-06-26,24.39,0.275,0.205,34.1463,1.0,-7.563,0.0,26.0504
08620,2026-06-26,55.34,0.165,0.103,60.1942,3.0,7.0513,6.4103,-5.7692
08406,2026-06-26,27.87,0.084,0.061,37.7049,1.0,7.5,0.0,-21.25
01087,2026-06-26,30.49,1.2,0.82,46.3415,2.0,88.3495,76.699,26.2136
01087,2026-06-26,43.90,1.2,0.82,46.3415,2.0,88.3495,76.699,26.2136
08406,2026-06-29,20.00,0.098,0.08,22.5,1.0,-11.828,-24.7312,-23.6559
01087,2026-06-29,20.39,1.62,1.03,57.2816,2.0,21.875,13.75,-21.875
01592,2026-06-29,21.29,0.199,0.155,28.3871,1.0,21.9895,29.8429,16.7539
00653,2026-06-29,21.43,0.019,0.014,35.7143,1.0,129.4118,152.9412,200.0
01087,2026-06-29,43.69,1.62,1.03,57.2816,2.0,21.875,13.75,-21.875
08305,2026-06-29,27.27,0.184,0.143,28.6713,1.0,-17.1429,-20.0,-25.1429
01087,2026-06-29,55.34,1.62,1.03,57.2816,2.0,21.875,13.75,-21.875
01966,2026-06-30,36.96,0.068,0.046,47.8261,2.0,-15.625,-23.4375,-31.25
08547,2026-06-30,23.46,0.1,0.081,23.4568,1.0,24.4898,24.4898,-27.551
00139,2026-06-30,21.24,0.14,0.113,23.8938,1.0,4.2857,-35.0,-14.2857
00139,2026-07-01,23.89,,,,,,,
01966,2026-07-01,39.13,,,,,,,
08547,2026-07-01,20.99,,,,,,,
01912,2026-07-02,20.00,2.19,1.8,21.6667,1.0,-17.619,-17.1429,-24.7619
00139,2026-07-02,25.71,0.178,0.14,27.1429,1.0,-38.5542,-51.8072,-27.7108
01894,2026-07-02,21.05,0.57,0.38,50.0,2.0,8.0,0.0,-3.0
01894,2026-07-02,31.58,0.57,0.38,50.0,2.0,8.0,0.0,-3.0
00653,2026-07-03,43.48,0.058,0.023,152.1739,7.0,-20.4082,2.0408,12.2449
00653,2026-07-03,69.57,0.058,0.023,152.1739,7.0,-20.4082,2.0408,12.2449
00653,2026-07-03,82.61,0.058,0.023,152.1739,7.0,-20.4082,2.0408,12.2449
00653,2026-07-03,95.65,0.058,0.023,152.1739,7.0,-20.4082,2.0408,12.2449
00653,2026-07-03,126.09,0.058,0.023,152.1739,7.0,-20.4082,2.0408,12.2449
01160,2026-07-03,60.00,0.4,0.25,60.0,3.0,11.4286,14.2857,14.2857
00653,2026-07-03,147.83,0.058,0.023,152.1739,7.0,-20.4082,2.0408,12.2449
06163,2026-07-03,42.55,0.7,0.47,48.9362,2.0,0.0,-11.9403,-1.4925
01738,2026-07-06,83.72,0.086,0.043,100.0,5.0,-8.0645,-16.129,-19.3548
08460,2026-07-06,20.00,0.86,0.7,22.8571,1.0,-9.7561,-9.7561,-13.4146
08460,2026-07-07,29.27,1.11,0.82,35.3659,1.0,-9.4118,-9.4118,-17.6471
01063,2026-07-07,58.14,0.072,0.043,67.4419,3.0,6.25,6.25,35.4167
00254,2026-07-07,24.51,0.143,0.102,40.1961,2.0,5.303,27.2727,8.3333
01102,2026-07-07,22.37,0.096,0.076,26.3158,1.0,-10.5263,-21.0526,93.6842
00254,2026-07-07,38.24,0.143,0.102,40.1961,2.0,5.303,27.2727,8.3333
00648,2026-07-08,25.93,1.28,0.81,58.0247,2.0,-22.2222,-24.2424,-36.8687
00648,2026-07-08,37.04,1.28,0.81,58.0247,2.0,-22.2222,-24.2424,-36.8687
00648,2026-07-08,50.62,1.28,0.81,58.0247,2.0,-22.2222,-24.2424,-36.8687
01850,2026-07-08,20.59,0.46,0.34,35.2941,1.0,-7.0588,-16.4706,-3.5294
01850,2026-07-08,32.35,0.46,0.34,35.2941,1.0,-7.0588,-16.4706,-3.5294
08131,2026-07-09,33.52,0.247,0.179,37.9888,1.0,3.3755,18.1435,3.7975
01841,2026-07-09,85.71,0.54,0.245,120.4082,6.0,-12.5,-5.6818,-12.5
01841,2026-07-09,108.16,0.54,0.245,120.4082,6.0,-12.5,-5.6818,-12.5
02980,2026-07-10,200.00,,,,,,,
03789,2026-07-10,20.31,0.26,0.192,35.4167,1.0,0.4651,-2.3256,-6.5116
03789,2026-07-10,35.42,0.26,0.192,35.4167,1.0,0.4651,-2.3256,-6.5116
00261,2026-07-10,21.25,0.199,0.16,24.375,1.0,4.0609,4.0609,19.797
02663,2026-07-10,20.00,0.51,0.425,20.0,0.0,4.2553,2.1277,2.1277
00139,2026-07-13,22.81,0.092,0.057,61.4035,3.0,4.6512,51.1628,20.9302
01452,2026-07-13,31.10,0.24,0.164,46.3415,2.0,-2.9268,-11.7073,-17.0732
00139,2026-07-13,35.09,0.092,0.057,61.4035,3.0,4.6512,51.1628,20.9302
01870,2026-07-13,20.96,0.214,0.167,28.1437,1.0,4.1451,17.6166,-6.7358
00139,2026-07-13,47.37,0.092,0.057,61.4035,3.0,4.6512,51.1628,20.9302
00139,2026-07-13,57.89,0.092,0.057,61.4035,3.0,4.6512,51.1628,20.9302
00254,2026-07-13,22.05,0.156,0.127,22.8346,1.0,8.3871,7.0968,-5.1613
01870,2026-07-14,27.98,0.26,0.193,34.715,1.0,-5.9091,-0.9091,-15.9091
00110,2026-07-14,23.91,0.6,0.46,30.4348,1.0,15.2542,32.2034,18.6441
08123,2026-07-14,21.74,0.35,0.23,52.1739,2.0,1.8182,-5.4545,-7.2727
08365,2026-07-15,22.09,1.13,0.86,31.3953,1.0,-0.9259,-7.4074,-18.0556
08163,2026-07-16,23.08,0.054,0.039,38.4615,1.0,-10.2564,-2.5641,12.8205
00254,2026-07-16,26.06,0.184,0.142,29.5775,1.0,0.0,-16.763,-18.4971
08427,2026-07-16,31.74,8.3,5.01,65.6687,3.0,-27.4194,-30.6452,-33.3065
08427,2026-07-16,43.71,8.3,5.01,65.6687,3.0,-27.4194,-30.6452,-33.3065
01156,2026-07-16,30.61,0.36,0.245,46.9388,2.0,-9.375,-9.375,-14.0625
00653,2026-07-16,22.00,0.063,0.05,26.0,1.0,4.918,-4.918,-55.7377
02017,2026-07-20,43.40,0.39,0.265,47.1698,2.0,-7.8947,-27.6316,27.6316
01869,2026-07-21,21.05,0.134,0.095,41.0526,2.0,-61.6667,-55.0,-57.5
01869,2026-07-21,31.58,0.134,0.095,41.0526,2.0,-61.6667,-55.0,-57.5
02320,2026-07-21,36.51,0.086,0.063,36.5079,1.0,80.2326,196.5116,196.5116
02369,2026-07-22,21.43,0.86,0.7,22.8571,1.0,-2.5641,-6.4103,-8.9744
00139,2026-07-22,23.38,0.168,0.077,118.1818,5.0,-27.2727,-35.1515,-36.3636
00243,2026-07-22,21.43,0.55,0.42,30.9524,1.0,-11.0,-8.0,-6.0
01102,2026-07-22,20.00,0.12,0.075,60.0,3.0,1.7391,73.0435,2.6087
00139,2026-07-22,33.77,0.168,0.077,118.1818,5.0,-27.2727,-35.1515,-36.3636
01102,2026-07-22,33.33,0.12,0.075,60.0,3.0,1.7391,73.0435,2.6087
08547,2026-07-22,20.00,0.114,0.095,20.0,0.0,-31.7308,-35.5769,-7.6923
01102,2026-07-22,57.33,0.12,0.075,60.0,3.0,1.7391,73.0435,2.6087
02320,2026-07-22,76.74,0.177,0.086,105.814,5.0,1.3333,60.6667,50.0
00139,2026-07-22,45.45,0.168,0.077,118.1818,5.0,-27.2727,-35.1515,-36.3636
00139,2026-07-22,58.44,0.168,0.077,118.1818,5.0,-27.2727,-35.1515,-36.3636
00139,2026-07-22,71.43,0.168,0.077,118.1818,5.0,-27.2727,-35.1515,-36.3636
00139,2026-07-22,81.82,0.168,0.077,118.1818,5.0,-27.2727,-35.1515,-36.3636
00139,2026-07-22,93.51,0.168,0.077,118.1818,5.0,-27.2727,-35.1515,-36.3636
00139,2026-07-22,114.29,0.168,0.077,118.1818,5.0,-27.2727,-35.1515,-36.3636
02320,2026-07-22,95.35,0.177,0.086,105.814,5.0,1.3333,60.6667,50.0
00171,2026-07-23,44.44,0.062,0.036,72.2222,3.0,-8.6957,-8.6957,-8.6957
01718,2026-07-23,21.35,0.58,0.445,30.3371,1.0,47.2727,59.0909,36.3636
09600,2026-07-23,38.24,0.214,0.136,57.3529,2.0,-21.0,-30.0,-26.0
02320,2026-07-23,24.67,0.213,0.15,42.0,2.0,-29.5775,13.1455,-1.4085
01942,2026-07-23,20.83,0.094,0.072,30.5556,1.0,-7.3171,-7.3171,-10.9756
09600,2026-07-23,54.41,0.214,0.136,57.3529,2.0,-21.0,-30.0,-26.0
02320,2026-07-23,35.33,0.213,0.15,42.0,2.0,-29.5775,13.1455,-1.4085
01718,2026-07-24,27.27,0.94,0.55,70.9091,3.0,-9.7826,-4.3478,-17.9348
01718,2026-07-24,43.64,0.94,0.55,70.9091,3.0,-9.7826,-4.3478,-17.9348
01942,2026-07-24,24.39,0.129,0.082,57.3171,2.0,-20.0,-18.9474,-18.9474
01323,2026-07-24,22.28,0.26,0.202,28.7129,1.0,-4.8,-16.0,-27.6
01942,2026-07-24,39.02,0.129,0.082,57.3171,2.0,-20.0,-18.9474,-18.9474
01942,2026-07-24,53.66,0.129,0.082,57.3171,2.0,-20.0,-18.9474,-18.9474
01718,2026-07-24,54.55,0.94,0.55,70.9091,3.0,-9.7826,-4.3478,-17.9348
01718,2026-07-24,65.45,0.94,0.55,70.9091,3.0,-9.7826,-4.3478,-17.9348
01500,2026-07-30,40.50,0.405,0.242,67.3554,3.0,-8.75,-10.0,-10.0
01703,2026-07-30,28.57,2.0,0.98,104.0816,5.0,-80.9524,-82.2751,-82.5397
01703,2026-07-30,40.82,2.0,0.98,104.0816,5.0,-80.9524,-82.2751,-82.5397
01703,2026-07-30,61.22,2.0,0.98,104.0816,5.0,-80.9524,-82.2751,-82.5397
01500,2026-07-30,54.96,0.405,0.242,67.3554,3.0,-8.75,-10.0,-10.0
08221,2026-07-30,25.69,2.84,2.18,30.2752,1.0,-7.3394,-24.0826,-17.8899
01869,2026-07-30,30.00,0.073,0.05,46.0,2.0,-9.434,-1.8868,-3.7736
01500,2026-07-30,67.36,0.405,0.242,67.3554,3.0,-8.75,-10.0,-10.0
01703,2026-07-30,73.47,2.0,0.98,104.0816,5.0,-80.9524,-82.2751,-82.5397
01869,2026-07-30,44.00,0.073,0.05,46.0,2.0,-9.434,-1.8868,-3.7736
01703,2026-07-30,83.67,2.0,0.98,104.0816,5.0,-80.9524,-82.2751,-82.5397
08368,2026-07-31,25.79,0.242,0.19,27.3684,1.0,-3.0612,73.4694,40.3061
01094,2026-07-31,92.31,0.5,0.26,92.3077,4.0,5.4348,-7.6087,-6.5217
02215,2026-08-03,166.67,0.243,0.081,200.0,10.0,108.6093,95.3642,62.2517
01825,2026-08-03,23.91,2.3,0.92,150.0,7.0,124.4898,186.2245,301.2755
02320,2026-08-03,51.61,0.265,0.155,70.9677,3.0,-3.7736,-3.7736,-16.2264
01825,2026-08-03,40.76,2.3,0.92,150.0,7.0,124.4898,186.2245,301.2755
01825,2026-08-03,51.09,2.3,0.92,150.0,7.0,124.4898,186.2245,301.2755
01825,2026-08-03,99.46,2.3,0.92,150.0,7.0,124.4898,186.2245,301.2755
01825,2026-08-03,121.20,2.3,0.92,150.0,7.0,124.4898,186.2245,301.2755
01843,2026-08-03,22.64,0.34,0.265,28.3019,1.0,-9.375,-14.0625,-6.25
01825,2026-08-03,144.57,2.3,0.92,150.0,7.0,124.4898,186.2245,301.2755
08079,2026-08-03,23.08,0.895,0.65,37.6923,1.0,-7.8652,-28.0899,-30.3371
08079,2026-08-03,35.38,0.895,0.65,37.6923,1.0,-7.8652,-28.0899,-30.3371
02320,2026-08-03,67.74,0.265,0.155,70.9677,3.0,-3.7736,-3.7736,-16.2264
02215,2026-08-04,42.38,0.335,0.151,121.8543,6.0,-5.9701,-4.4776,-38.5075
00261,2026-08-04,21.00,0.3,0.219,36.9863,1.0,-6.9106,-6.5041,7.7236
02215,2026-08-04,52.98,0.335,0.151,121.8543,6.0,-5.9701,-4.4776,-38.5075
