scan_date,code5,symbol,name,close,chg_pct,turnover_day,mcap_total,mcap_hk,ma10,ratio,turnover_to_mcap,ma10_days_available,ma_short,has_domestic_shares,scan_time
2026-08-10,02231,2231.HK,景業名邦集團,0.011,10.0,815838,18107903,18107903,39768,20.52,4.51,10,0,0,2026-09-08 07:26:11
2026-08-10,07777,7777.HK,南方東英 Berkshire 每日槓桿最多 (2x) 產品,62.08,0.94,2461484,27284781,,193848,12.7,9.02,10,0,0,2026-09-08 07:26:20
2026-08-10,02048,2048.HK,易居企業控股,0.029,52.63,1865778,50722726,50722726,102753,18.16,3.68,10,0,0,2026-09-08 07:26:10
2026-08-10,08072,8072.HK,蘭谷股份,0.375,11.94,1061800,63130925,63130925,5990,177.26,1.68,10,0,0,2026-09-08 07:26:22
2026-08-10,08491,8491.HK,COOL LINK,0.325,20.37,710350,129547005,129547005,21842,32.52,0.55,10,0,0,2026-09-08 07:26:25
2026-08-10,01957,1957.HK,大人國際,0.31,14.81,835700,194680000,194680000,44285,18.87,0.43,10,0,0,2026-09-08 07:26:09
2026-08-10,01182,1182.HK,勝龍國際,0.645,0.0,1032350,219825396,219825396,27968,36.91,0.47,10,0,0,2026-09-08 07:26:04
2026-08-10,06893,6893.HK,衍生集團,0.213,3.9,731038,232552548,232552548,43308,16.88,0.31,10,0,0,2026-09-08 07:26:19
2026-08-10,02176,2176.HK,賽迪顧問,0.49,-40.96,3286500,343000000,102410000,37900,86.72,0.96,10,0,0,2026-09-08 07:26:11
2026-08-10,06885,6885.HK,金馬能源,0.72,20.0,34687085,385503120,385503120,77641,446.76,9.0,10,0,0,2026-09-08 07:26:19
2026-08-10,02415,2415.HK,梅斯健康,0.75,0.0,4878660,455378212,455378212,24182,201.75,1.07,10,0,0,2026-09-08 07:26:12
2026-08-10,06123,6123.HK,圓通國際快遞,1.3,8.33,911310,546247000,546247000,59357,15.35,0.17,10,0,0,2026-09-08 07:26:18
2026-08-10,01669,1669.HK,環球信貸集團,1.43,5.15,2937820,572000000,572000000,209286,14.04,0.51,10,0,0,2026-09-08 07:26:07
2026-08-10,00206,206.HK,華商能源,0.196,-19.67,1550825,635713047,635713047,137827,11.25,0.24,10,0,0,2026-09-08 07:25:56
2026-08-10,02167,2167.HK,天潤雲,4.5,50.75,7594592,780211800,780211800,203561,37.31,0.97,10,0,0,2026-09-08 07:26:11
2026-08-11,08620,8620.HK,亞洲速運,0.155,8.39,1047840,97449275,97449275,27826,37.66,1.08,10,0,0,2026-09-08 07:26:28
2026-08-11,01402,1402.HK,超智能控股,0.335,11.67,726750,351917500,351917500,55165,13.17,0.21,10,0,0,2026-09-08 07:26:27
2026-08-11,01631,1631.HK,REF HOLDINGS,1.34,-2.19,767875,411648000,411648000,16530,46.45,0.19,10,0,0,2026-09-08 07:26:27
2026-08-11,06182,6182.HK,乙德投資控股,0.63,-3.08,735840,504000000,504000000,71876,10.24,0.15,10,0,0,2026-09-08 07:26:28
2026-08-11,02671,2671.HK,美聯股份,4.68,14.29,3570987,564174023,564174023,6903,517.29,0.63,10,0,0,2026-09-08 07:26:28
2026-08-11,02536,2536.HK,百樂皇宮,0.84,0.0,747600,677538960,677538960,29164,25.63,0.11,10,0,0,2026-09-08 07:26:28
2026-08-12,08191,8191.HK,鴻偉亞洲,0.134,25.23,6154148,47441418,47441418,47362,129.94,12.97,10,0,0,2026-09-08 07:26:29
2026-08-12,08283,8283.HK,中食民安,0.158,-15.51,811475,54604800,54604800,55414,14.64,1.49,10,0,0,2026-09-08 07:26:29
2026-08-12,08620,8620.HK,亞洲速運,0.156,0.65,1609585,98077980,98077980,130428,12.34,1.64,10,0,0,2026-09-08 07:26:29
2026-08-12,02113,2113.HK,世紀集團國際,0.165,28.91,1125975,132783750,132783750,56222,20.03,0.85,10,0,0,2026-09-08 07:26:29
2026-08-12,00295,295.HK,江山控股,0.017,13.33,571250,254395523,254395523,29936,19.08,0.22,10,0,0,2026-09-08 07:26:28
2026-08-12,01265,1265.HK,天津津燃公用,0.15,4.9,504030,275896170,75009000,26819,18.79,0.18,10,0,0,2026-09-08 07:26:29
2026-08-12,06182,6182.HK,乙德投資控股,0.47,-25.4,9226440,376000000,376000000,145460,63.43,2.45,10,0,0,2026-09-08 07:26:29
2026-08-12,01402,1402.HK,超智能控股,0.405,20.9,2478600,425452500,425452500,127840,19.39,0.58,10,0,0,2026-09-08 07:26:29
2026-08-12,03828,3828.HK,明輝國際,0.765,-1.92,1068075,561710963,561710963,101075,10.57,0.19,10,0,0,2026-09-08 07:26:29
2026-08-12,00210,210.HK,達芙妮國際,0.32,-4.48,504910,633151497,633151497,29155,17.32,0.08,10,0,0,2026-09-08 07:26:28
2026-08-12,02260,2260.HK,環龍控股,1.35,11.57,3005700,652646700,652646700,13868,216.74,0.46,10,0,0,2026-09-08 07:26:29
2026-08-13,01351,1351.HK,輝煌明天,0.245,6.52,1466512,147000000,147000000,9564,153.34,1.0,10,0,0,2026-09-08 07:26:30
2026-08-13,01002,1002.HK,威鋮國際,0.057,16.33,695440,158393583,158393583,27388,25.39,0.44,10,0,0,2026-09-08 07:26:30
2026-08-13,02695,2695.HK,印象大紅袍,1.35,-14.01,1906969,194629500,48735000,69997,27.24,0.98,10,0,0,2026-09-08 07:26:30
2026-08-13,08509,8509.HK,威揚酒業控股,0.6,0.0,535200,240000000,240000000,3080,173.77,0.22,10,0,0,2026-09-08 07:26:30
2026-08-13,00936,936.HK,佳兆業資本,0.345,32.69,926000,365700000,365700000,44576,20.77,0.25,10,0,0,2026-09-08 07:26:30
2026-08-13,06890,6890.HK,康利國際控股,0.645,-25.86,741110,391032540,391032540,40160,18.45,0.19,10,0,0,2026-09-08 07:26:30
2026-08-13,00366,366.HK,陸氏集團(越南),0.805,-2.42,808210,403805241,403805241,48107,16.8,0.2,10,0,0,2026-09-08 07:26:30
2026-08-13,08189,8189.HK,泰達生物,0.219,46.0,1045580,467324100,314571600,80968,12.91,0.22,10,0,0,2026-09-08 07:26:30
2026-08-13,01075,1075.HK,首都信息,1.75,-5.91,963555,507165066,135537150,95741,10.06,0.19,10,0,0,2026-09-08 07:26:30
2026-08-13,01630,1630.HK,建成控股,0.35,18.64,3018180,525000000,525000000,257193,11.74,0.57,10,0,0,2026-09-08 07:26:30
2026-08-14,08472,8472.HK,立高控股,0.212,-3.64,1418394,24422400,24422400,37618,37.7,5.81,10,0,0,2026-09-08 07:26:32
2026-08-14,08178,8178.HK,中國信息科技,0.165,0.0,567074,28397681,28397681,23435,24.2,2.0,10,0,0,2026-09-08 07:26:32
2026-08-14,02113,2113.HK,世紀集團國際,0.163,-6.32,8327745,131174250,131174250,299562,27.8,6.35,10,0,0,2026-09-08 07:26:31
2026-08-14,00905,905.HK,胡桃資本,0.142,29.09,648817,149171126,149171126,48374,13.41,0.43,10,0,0,2026-09-08 07:26:31
2026-08-14,01792,1792.HK,CMON,0.85,1.19,4301311,210528000,210528000,66201,64.97,2.04,10,0,0,2026-09-08 07:26:31
2026-08-14,02370,2370.HK,力高健康生活,1.1,-3.51,1553250,220000000,220000000,76678,20.26,0.71,10,0,0,2026-09-08 07:26:31
2026-08-14,00520,520.HK,呷哺呷哺,0.28,14.75,1555170,304128855,304128855,143389,10.85,0.51,10,0,0,2026-09-08 07:26:31
2026-08-14,02227,2227.HK,守益控股,0.34,6.25,819500,311304000,311304000,42762,19.16,0.26,10,0,0,2026-09-08 07:26:31
2026-08-14,08350,8350.HK,立橋證券控股,0.38,0.0,5016040,361024320,361024320,26128,191.98,1.39,10,0,0,2026-09-08 07:26:32
2026-08-14,01622,1622.HK,力高集團,0.126,-13.7,863610,447502775,447502775,75221,11.48,0.19,10,0,0,2026-09-08 07:26:31
2026-08-14,02573,2573.HK,新琪安,5.52,15.0,1751030,531196412,531196412,107052,16.36,0.33,10,0,0,2026-09-08 07:26:31
2026-08-14,03477,3477.HK,平安東西精選,17.51,0.23,546354,647870000,,30314,18.02,0.08,10,0,0,2026-09-08 07:26:31
2026-08-14,08148,8148.HK,悟喜生活,1.5,-14.29,770284,687225600,687225600,51918,14.84,0.11,10,0,0,2026-09-08 07:26:32
2026-08-17,08226,8226.HK,樹熊金融集團,0.127,36.56,800085,53023007,53023007,11766,68.0,1.51,10,0,0,2026-09-08 07:26:33
2026-08-17,08491,8491.HK,COOL LINK,0.247,3.35,7064470,98455723,98455723,386414,18.28,7.18,10,0,0,2026-09-08 07:26:33
2026-08-17,00397,397.HK,嬴集團,0.036,0.0,598930,123222208,123222208,51980,11.52,0.49,10,0,0,2026-09-08 07:26:32
2026-08-17,00889,889.HK,連達科技控股,0.495,17.86,1862170,158400000,158400000,126442,14.73,1.18,10,0,0,2026-09-08 07:26:32
2026-08-17,00092,92.HK,冠軍科技集團,0.2,26.58,530250,219522970,219522970,36023,14.72,0.24,10,0,0,2026-09-08 07:26:32
2026-08-17,01397,1397.HK,碧瑤綠色集團,0.74,-20.0,2885580,307100000,307100000,103598,27.85,0.94,10,0,0,2026-09-08 07:26:32
2026-08-17,00831,831.HK,利亞零售,0.425,13.33,7489730,332408214,332408214,232822,32.17,2.25,10,0,0,2026-09-08 07:26:32
2026-08-17,08350,8350.HK,立橋證券控股,0.385,1.32,8545440,365774640,365774640,527732,16.19,2.34,10,0,0,2026-09-08 07:26:33
2026-08-17,01673,1673.HK,華章科技,0.26,-11.86,894400,414994857,414994857,66620,13.43,0.22,10,0,0,2026-09-08 07:26:32
2026-08-17,01720,1720.HK,普天通信集團,0.39,27.87,10978760,429000000,429000000,1002709,10.95,2.56,10,0,0,2026-09-08 07:26:32
2026-08-17,00727,727.HK,中國豐匯,0.41,-26.79,712295,521456040,521456040,7520,94.72,0.14,10,0,0,2026-09-08 07:26:32
2026-08-17,00279,279.HK,裕承科金,0.375,-2.6,2514496,523322738,523322738,56132,44.8,0.48,10,0,0,2026-09-08 07:26:32
2026-08-18,08226,8226.HK,樹熊金融集團,0.116,-8.66,3657815,48430463,48430463,83466,43.82,7.55,10,0,0,2026-09-08 07:26:34
2026-08-18,01176,1176.HK,珠光控股,0.022,46.67,1091660,194713921,194713921,78012,13.99,0.56,10,0,0,2026-09-08 07:26:33
2026-08-18,06158,6158.HK,正榮地產,0.054,125.0,11711353,235858824,235858824,344162,34.03,4.97,10,0,0,2026-09-08 07:26:34
2026-08-18,00767,767.HK,中基長壽科學,0.415,3.75,1494590,264211534,264211534,143772,10.4,0.57,10,0,0,2026-09-08 07:26:33
2026-08-18,00833,833.HK,華訊,0.61,-25.15,4438579,288565490,288565490,254230,17.46,1.54,10,0,0,2026-09-08 07:26:33
2026-08-18,01527,1527.HK,天潔環境,2.25,25.0,4284647,303750000,78750000,828,5174.69,1.41,10,0,0,2026-09-08 07:26:34
2026-08-18,02683,2683.HK,華新手袋國際控股,1.1,-0.9,734910,449488600,449488600,71952,10.21,0.16,10,0,0,2026-09-08 07:26:34
2026-08-18,03686,3686.HK,祈福生活服務,0.495,-8.33,2522600,502796250,502796250,151960,16.6,0.5,10,0,0,2026-09-08 07:26:34
2026-08-18,00279,279.HK,裕承科金,0.385,2.67,5447726,537278010,537278010,296951,18.35,1.01,10,0,0,2026-09-08 07:26:33
2026-08-18,02863,2863.HK,高豐集團控股,0.91,17.42,3705945,627455010,627455010,360657,10.28,0.59,10,0,0,2026-09-08 07:26:34
2026-08-18,00334,334.HK,華顯光電,0.33,-4.35,683942,697721617,697721617,26585,25.73,0.1,10,0,0,2026-09-08 07:26:33
2026-08-18,09639,9639.HK,榮利營造,0.96,-6.8,2031100,960000000,960000000,67852,29.93,0.21,10,0,0,2026-09-08 07:26:34
2026-08-19,01340,1340.HK,惠生國際,0.515,-0.96,538535,71289236,71289236,33152,16.24,0.76,10,0,0,2026-09-08 07:26:35
2026-08-19,01949,1949.HK,佰達國際控股,0.595,5.31,6735540,137088000,137088000,80380,83.8,4.91,10,0,0,2026-09-08 07:26:35
2026-08-19,01796,1796.HK,中國數智科技,0.31,41.55,5812590,148800000,148800000,447042,13.0,3.91,10,0,0,2026-09-08 07:26:35
2026-08-19,00767,767.HK,中基長壽科學,0.39,-6.02,4755750,248295177,248295177,289136,16.45,1.92,10,0,0,2026-09-08 07:26:35
2026-08-19,01176,1176.HK,珠光控股,0.034,54.55,3373264,300921514,300921514,185487,18.19,1.12,10,0,0,2026-09-08 07:26:35
2026-08-19,01732,1732.HK,象興科技,0.239,-3.63,5024660,305920000,305920000,205038,24.51,1.64,10,0,0,2026-09-08 07:26:35
2026-08-19,01132,1132.HK,橙天嘉禾,0.11,19.57,1383420,307963596,307963596,70864,19.52,0.45,10,0,0,2026-09-08 07:26:35
2026-08-19,01556,1556.HK,建業建榮,0.26,0.0,530400,390000000,390000000,23208,22.85,0.14,10,0,0,2026-09-08 07:26:35
2026-08-19,00210,210.HK,達芙妮國際,0.31,-8.82,736280,613365513,613365513,70079,10.51,0.12,10,0,0,2026-09-08 07:26:34
2026-08-19,03428,3428.HK,GX國壽港美,11.2,-0.18,2566256,915040000,,1068,2403.54,0.28,10,0,0,2026-09-08 07:26:35
2026-08-20,08275,8275.HK,中國新消費集團,0.084,3.7,599020,80638786,80638786,8122,73.75,0.74,10,0,0,2026-09-08 07:26:37
2026-08-20,01025,1025.HK,嘉藝控股,0.206,8.42,968624,92157693,92157693,67609,14.33,1.05,10,0,0,2026-09-08 07:26:36
2026-08-20,03444,3444.HK,恆生香港股票,7.61,1.33,557813,95886000,,1817,307.07,0.58,10,0,0,2026-09-08 07:26:37
2026-08-20,02122,2122.HK,凱知樂國際,0.09,-35.25,1334612,122032286,122032286,23495,56.8,1.09,10,0,0,2026-09-08 07:26:36
2026-08-20,02459,2459.HK,升能集團,0.63,16.67,2533145,122094000,122094000,177565,14.27,2.07,10,0,0,2026-09-08 07:26:36
2026-08-20,00821,821.HK,匯盈控股,0.35,16.67,3323722,129879827,129879827,260472,12.76,2.56,10,0,0,2026-09-08 07:26:36
2026-08-20,08326,8326.HK,同景新能源,0.142,-5.96,7977550,174234000,174234000,5940,1343.02,4.58,10,0,0,2026-09-08 07:26:37
2026-08-20,01978,1978.HK,敘福樓集團,0.235,-16.07,644444,188000000,188000000,6034,106.8,0.34,10,0,0,2026-09-08 07:26:36
2026-08-20,01560,1560.HK,星星集團,0.445,256.0,7007278,285466610,285466610,8361,838.11,2.45,10,0,0,2026-09-08 07:26:36
2026-08-20,01808,1808.HK,企展控股,2.02,-3.81,594108,494674134,494674134,56090,10.59,0.12,10,0,0,2026-09-08 07:26:36
2026-08-20,00980,980.HK,聯華超市,0.335,13.56,766270,495666000,124821000,75192,10.19,0.15,10,0,0,2026-09-08 07:26:36
2026-08-20,01244,1244.HK,思路迪醫藥股份,3.42,56.88,13940300,882965340,882965340,360404,38.68,1.58,10,0,0,2026-09-08 07:26:36
2026-08-21,02231,2231.HK,景業名邦集團,0.015,15.38,3382402,24692595,24692595,259204,13.05,13.7,10,0,0,2026-09-08 07:26:38
2026-08-21,02608,2608.HK,陽光100中國,0.01,0.0,1111751,25508115,25508115,79280,14.02,4.36,10,0,0,2026-09-08 07:26:38
2026-08-21,00471,471.HK,中播數據,0.1,-24.81,1433642,47976214,47976214,36841,38.91,2.99,10,0,0,2026-09-08 07:26:37
2026-08-21,08238,8238.HK,玖方數智,0.148,2.78,2712240,51557990,51557990,48049,56.45,5.26,10,0,0,2026-09-08 07:26:38
2026-08-21,01225,1225.HK,隆成金融,0.231,-3.75,512226,53204477,53204477,9573,53.51,0.96,10,0,0,2026-09-08 07:26:37
2026-08-21,00910,910.HK,中國三迪,0.013,30.0,831570,66146698,66146698,50947,16.32,1.26,10,0,0,2026-09-08 07:26:37
2026-08-21,08275,8275.HK,中國新消費集團,0.095,13.1,2372768,91198627,91198627,68024,34.88,2.6,10,0,0,2026-09-08 07:26:38
2026-08-21,01025,1025.HK,嘉藝控股,0.205,-0.49,5854088,91710325,91710325,163504,35.8,6.38,10,0,0,2026-09-08 07:26:37
2026-08-21,06158,6158.HK,正榮地產,0.035,-14.63,38459856,152871460,152871460,2851823,13.49,25.16,10,0,0,2026-09-08 07:26:38
2026-08-21,00970,970.HK,新耀萊,0.295,0.0,1818860,199231840,199231840,11999,151.59,0.91,10,0,0,2026-09-08 07:26:37
2026-08-21,01354,1354.HK,經發物業,3.01,46.83,4161474,200667068,50167068,247013,16.85,2.07,10,0,0,2026-09-08 07:26:38
2026-08-21,01751,1751.HK,智算能建(二千),0.805,18.38,4333000,328175452,328175452,44820,96.68,1.32,10,0,0,2026-09-08 07:26:38
2026-08-21,08090,8090.HK,寶蓋新材,6.1,10.81,1321322,353007000,88267000,84154,15.7,0.37,10,0,0,2026-09-08 07:26:38
2026-08-21,03448,3448.HK,GX中國科技,120.5,1.56,8725638,361500000,,705166,12.37,2.41,10,0,0,2026-09-08 07:26:38
2026-08-21,00337,337.HK,綠地香港,0.14,7.69,979713,390863856,390863856,42608,22.99,0.25,10,0,0,2026-09-08 07:26:37
2026-08-21,01011,1011.HK,泰凌醫藥,0.36,18.03,1185500,646762891,646762891,26043,45.52,0.18,10,0,0,2026-09-08 07:26:37
2026-08-21,06959,6959.HK,長久股份,3.52,0.0,3532997,711603200,711603200,33732,104.74,0.5,10,0,0,2026-09-08 07:26:38
2026-08-21,06820,6820.HK,友誼時光,0.365,-7.59,1447540,796010250,796010250,124188,11.66,0.18,10,0,0,2026-09-08 07:26:38
2026-08-21,01793,1793.HK,偉工控股,1.05,28.05,18373040,840000000,840000000,1818226,10.1,2.19,10,0,0,2026-09-08 07:26:38
2026-08-24,00601,601.HK,稀鎂科技,0.07,12.9,739350,41481657,41481657,4048,182.62,1.78,10,0,0,2026-09-08 07:26:39
2026-08-24,08007,8007.HK,環球戰略集團,0.46,5.75,1309850,104106017,104106017,39226,33.39,1.26,10,0,0,2026-09-08 07:26:40
2026-08-24,02012,2012.HK,陽光油砂,0.215,41.45,3823142,152941205,152941205,110417,34.62,2.5,10,0,0,2026-09-08 07:26:39
2026-08-24,08029,8029.HK,中投金融科技集團,0.7,0.0,3335275,196057135,196057135,4102,812.99,1.7,10,0,0,2026-09-08 07:26:40
2026-08-24,01753,1753.HK,兌吧,0.248,78.42,4820145,267052154,267052154,12468,386.6,1.8,10,0,0,2026-09-08 07:26:39
2026-08-24,02170,2170.HK,貝康醫療-B,1.34,-3.6,508312,366524840,110836539,38356,13.25,0.14,10,0,0,2026-09-08 07:26:39
2026-08-24,06989,6989.HK,卓越商企服務,0.5,-5.66,973920,610174000,610174000,66508,14.64,0.16,10,0,0,2026-09-08 07:26:40
2026-08-24,00377,377.HK,中國華君,4.0,14.94,597918,749967404,749967404,56569,10.57,0.08,10,0,0,2026-09-08 07:26:39
2026-08-25,08430,8430.HK,春能控股,0.079,3.95,504280,13179981,13179981,713,706.97,3.83,10,0,0,2026-09-08 07:26:41
2026-08-25,03460,3460.HK,華夏SOL,4.014,6.25,1724055,65428200,,165599,10.41,2.64,10,0,0,2026-09-08 07:26:41
2026-08-25,00076,76.HK,誼礫控股,0.162,20.0,4583315,71993460,71993460,71760,63.87,6.37,10,0,0,2026-09-08 07:26:40
2026-08-25,00065,65.HK,弘海高新資源,0.295,9.26,768660,72433390,72433390,11474,66.99,1.06,10,0,0,2026-09-08 07:26:40
2026-08-25,00254,254.HK,國家聯合資源,0.2,49.25,2830726,135152568,135152568,205892,13.75,2.09,10,0,0,2026-09-08 07:26:40
2026-08-25,02497,2497.HK,富景中國控股,0.595,-4.03,1690010,297500000,297500000,67961,24.87,0.57,10,0,0,2026-09-08 07:26:41
2026-08-25,00124,124.HK,粵海置地,0.201,1.01,784432,344018907,344018907,69589,11.27,0.23,10,0,0,2026-09-08 07:26:40
2026-08-25,00114,114.HK,興利集團,0.67,-6.94,1038425,405008811,405008811,59224,17.53,0.26,10,0,0,2026-09-08 07:26:40
2026-08-25,09919,9919.HK,艾德韋宣集團,0.75,-2.6,774640,558163500,558163500,47452,16.32,0.14,10,0,0,2026-09-08 07:26:41
2026-08-25,02251,2251.HK,鷹瞳科技-B,9.57,0.0,6374300,966773965,966773965,70730,90.12,0.66,10,0,0,2026-09-08 07:26:41
2026-08-26,08121,8121.HK,國恩控股,0.37,-11.9,1149450,55514800,55514800,16112,71.34,2.07,10,0,0,2026-09-08 07:26:42
2026-08-26,00736,736.HK,中國置業投資,0.23,15.0,1132741,73737909,73737909,19163,59.11,1.54,10,0,0,2026-09-08 07:26:42
2026-08-26,03444,3444.HK,恆生香港股票,7.59,0.93,940478,95634000,,57592,16.33,0.98,10,0,0,2026-09-08 07:26:42
2026-08-26,00254,254.HK,國家聯合資源,0.192,-4.0,6272722,129746465,129746465,479155,13.09,4.83,10,0,0,2026-09-08 07:26:41
2026-08-26,00660,660.HK,瑋俊生物科技,0.48,11.63,1453990,184468697,184468697,17434,83.4,0.79,10,0,0,2026-09-08 07:26:42
2026-08-26,01962,1962.HK,訓修實業,0.495,2.06,3713400,304987320,304987320,54522,68.11,1.22,10,0,0,2026-09-08 07:26:42
2026-08-26,01087,1087.HK,威訊控股,1.33,2.31,1887240,319021248,319021248,90344,20.89,0.59,10,0,0,2026-09-08 07:26:42
2026-08-26,03860,3860.HK,EPS創健科技,0.55,-1.79,1680225,320336411,320336411,19458,86.35,0.52,10,0,0,2026-09-08 07:26:42
2026-08-26,06038,6038.HK,信越控股,0.425,21.43,4555850,426275000,426275000,48235,94.45,1.07,10,0,0,2026-09-08 07:26:42
2026-08-26,06829,6829.HK,龍升集團控股,1.62,0.62,1005040,466560000,466560000,45188,22.24,0.22,10,0,0,2026-09-08 07:26:42
2026-08-26,00160,160.HK,漢國置業,0.69,-2.82,1231040,497096218,497096218,16404,75.04,0.25,10,0,0,2026-09-08 07:26:41
2026-08-26,01282,1282.HK,中澤豐,0.103,25.61,1111892,515000000,515000000,45492,24.44,0.22,10,0,0,2026-09-08 07:26:42
2026-08-26,01285,1285.HK,嘉士利集團,1.57,25.6,3840880,651550000,651550000,137626,27.91,0.59,10,0,0,2026-09-08 07:26:42
2026-08-26,00239,239.HK,白花油,2.6,1.56,805138,810264000,810264000,50655,15.89,0.1,10,0,0,2026-09-08 07:26:41
2026-08-26,01985,1985.HK,美高域,2.805,6.65,3808060,859379070,859379070,303858,12.53,0.44,10,0,0,2026-09-08 07:26:42
2026-08-26,02098,2098.HK,卓爾智聯,0.07,7.69,777812,867965406,867965406,57856,13.44,0.09,10,0,0,2026-09-08 07:26:42
2026-08-26,01483,1483.HK,網譽科技,1.16,5.94,8993290,950562000,950562000,29981,299.97,0.95,10,0,0,2026-09-08 07:26:42
2026-08-27,02358,2358.HK,久融控股,0.015,25.0,1096530,82080000,82080000,63350,17.31,1.34,10,0,0,2026-09-08 07:26:43
2026-08-27,00197,197.HK,亨泰,0.51,36.0,12079535,106697331,106697331,207485,58.22,11.32,10,0,0,2026-09-08 07:26:43
2026-08-27,08007,8007.HK,環球戰略集團,0.485,4.3,2647588,109763953,109763953,244386,10.83,2.41,10,0,0,2026-09-08 07:26:44
2026-08-27,08021,8021.HK,匯隆控股,0.17,1.8,530630,122120359,122120359,17054,31.11,0.43,10,0,0,2026-09-08 07:26:44
2026-08-27,00254,254.HK,國家聯合資源,0.247,28.65,12319790,166913421,166913421,1094433,11.26,7.38,10,0,0,2026-09-08 07:26:43
2026-08-27,09938,9938.HK,華和控股,0.305,17.31,1348200,305000000,305000000,100766,13.38,0.44,10,0,0,2026-09-08 07:26:44
2026-08-27,00862,862.HK,遠見控股,1.15,-2.95,654300,451281903,451281903,42771,15.3,0.14,10,0,0,2026-09-08 07:26:43
2026-08-27,01909,1909.HK,火岩控股,1.915,-2.79,1047630,465002294,465002294,42206,24.82,0.23,10,0,0,2026-09-08 07:26:43
2026-08-27,06182,6182.HK,乙德投資控股,0.735,23.53,24417400,588000000,588000000,290548,84.04,4.15,10,0,0,2026-09-08 07:26:43
2026-08-27,00450,450.HK,鴻興印刷集團,0.675,-10.0,887580,612808857,612808857,72516,12.24,0.14,10,0,0,2026-09-08 07:26:43
2026-08-27,01085,1085.HK,亨鑫科技,1.68,1.2,1127930,782208000,782208000,67361,16.74,0.14,10,0,0,2026-09-08 07:26:43
2026-08-27,00420,420.HK,福田實業,0.655,-5.76,3265420,802392659,802392659,294099,11.1,0.41,10,0,0,2026-09-08 07:26:43
2026-08-27,00950,950.HK,李氏大藥廠,1.375,22.77,12242348,809648597,809648597,578923,21.15,1.51,10,0,0,2026-09-08 07:26:43
2026-08-28,02048,2048.HK,易居企業控股,0.03,57.89,3609125,52471786,52471786,156923,23.0,6.88,10,0,0,2026-09-08 07:26:44
2026-08-28,09958,9958.HK,力天影業,0.139,13.93,850074,69500000,69500000,5600,151.8,1.22,10,0,0,2026-09-08 07:26:45
2026-08-28,08413,8413.HK,亞洲富思,0.068,17.24,785140,79016000,79016000,54206,14.48,0.99,10,0,0,2026-09-08 07:26:45
2026-08-28,01470,1470.HK,富一國際控股,0.114,-14.29,861880,91200000,91200000,10932,78.84,0.95,10,0,0,2026-09-08 07:26:44
2026-08-28,08021,8021.HK,匯隆控股,0.165,-2.94,784760,118528584,118528584,70117,11.19,0.66,10,0,0,2026-09-08 07:26:45
2026-08-28,01841,1841.HK,優越集團控股,0.485,15.48,2317000,194000000,194000000,212305,10.91,1.19,10,0,0,2026-09-08 07:26:44
2026-08-28,02605,2605.HK,MetaLight,1.3,13.04,1067930,201384901,201384901,92830,11.5,0.53,10,0,0,2026-09-08 07:26:44
2026-08-28,01447,1447.HK,新福港,0.55,0.0,530200,220000000,220000000,39334,13.48,0.24,10,0,0,2026-09-08 07:26:44
2026-08-28,09919,9919.HK,艾德韋宣集團,0.775,1.31,1393031,576768950,576768950,132179,10.54,0.24,10,0,0,2026-09-08 07:26:45
2026-08-28,02536,2536.HK,百樂皇宮,0.81,-2.41,1101240,653341140,653341140,2174,506.55,0.17,10,0,0,2026-09-08 07:26:44
2026-08-28,00993,993.HK,信控國際資本,0.095,-2.06,2024528,827410671,827410671,12551,161.3,0.24,10,0,0,2026-09-08 07:26:44
2026-08-28,00370,370.HK,港仔機器人,0.28,3.7,15219166,881002916,881002916,1137264,13.38,1.73,10,0,0,2026-09-08 07:26:44
2026-08-28,00505,505.HK,興業合金,1.02,15.91,601850,917549336,917549336,17962,33.51,0.07,10,0,0,2026-09-08 07:26:44
2026-08-31,08139,8139.HK,長安仁恆,1.29,-24.12,517092,49536000,49536000,48467,10.67,1.04,10,0,0,2026-09-08 07:26:46
2026-08-31,08072,8072.HK,蘭谷股份,0.3,-7.69,974400,50504740,50504740,26083,37.36,1.93,10,0,0,2026-09-08 07:26:46
2026-08-31,02246,2246.HK,快狗打車,1.2,-1.64,603720,79225530,79225530,41701,14.48,0.76,10,0,0,2026-09-08 07:26:46
2026-08-31,00261,261.HK,GBA集團,0.265,1.92,664410,87810845,87810845,46476,14.3,0.76,10,0,0,2026-09-08 07:26:45
2026-08-31,01850,1850.HK,美好生活集團控股,0.61,7.02,27041150,105408000,105408000,1617658,16.72,25.65,10,0,0,2026-09-08 07:26:45
2026-08-31,00913,913.HK,港灣數字,0.183,3.98,512552,162329242,162329242,16449,31.16,0.32,10,0,0,2026-09-08 07:26:45
2026-08-31,01312,1312.HK,華控康泰,0.036,9.09,607596,201188584,201188584,48917,12.42,0.3,10,0,0,2026-09-08 07:26:45
2026-08-31,01690,1690.HK,立基工程控股,0.156,20.0,719510,225455880,225455880,7484,96.14,0.32,10,0,0,2026-09-08 07:26:45
2026-08-31,01939,1939.HK,上善黃金,0.48,20.0,927660,245702400,245702400,92261,10.05,0.38,10,0,0,2026-09-08 07:26:46
2026-08-31,00970,970.HK,新耀萊,0.365,2.82,2045460,246507192,246507192,190518,10.74,0.83,10,0,0,2026-09-08 07:26:45
2026-08-31,01813,1813.HK,合景泰富集團,0.093,-7.0,782833,317956207,317956207,63257,12.38,0.25,10,0,0,2026-09-08 07:26:45
2026-08-31,00897,897.HK,位元堂,0.34,15.25,562675,378890182,378890182,33532,16.78,0.15,10,0,0,2026-09-08 07:26:45
2026-08-31,00236,236.HK,香港生力啤,1.08,-0.92,654470,403456205,403456205,13056,50.13,0.16,10,0,0,2026-09-08 07:26:45
2026-08-31,02226,2226.HK,老恆和釀造,0.715,19.17,799395,413806250,413806250,20448,39.09,0.19,10,0,0,2026-09-08 07:26:46
2026-08-31,00021,21.HK,大中華控股,0.109,32.93,2484693,433300441,433300441,172947,14.37,0.57,10,0,0,2026-09-08 07:26:45
2026-08-31,08229,8229.HK,未來數據集團,0.83,-1.78,963575,461048400,461048400,92692,10.4,0.21,10,0,0,2026-09-08 07:26:46
2026-08-31,01861,1861.HK,保寶龍科技,2.1,-4.11,1237840,491226225,491226225,49583,24.97,0.25,10,0,0,2026-09-08 07:26:45
2026-08-31,01746,1746.HK,萬順集團控股,0.54,17.39,8769320,540000000,540000000,72940,120.23,1.62,10,0,0,2026-09-08 07:26:45
2026-08-31,09689,9689.HK,金泰豐國際控股,0.495,-10.0,1230680,552420000,552420000,122662,10.03,0.22,10,0,0,2026-09-08 07:26:46
2026-08-31,03406,3406.HK,平安科技精選,15.03,-0.2,2457138,559867500,,150292,16.35,0.44,10,0,0,2026-09-08 07:26:46
2026-08-31,01669,1669.HK,環球信貸集團,1.47,-4.85,1848410,588000000,588000000,131169,14.09,0.31,10,0,0,2026-09-08 07:26:45
2026-08-31,03477,3477.HK,平安東西精選,17.7,-0.78,1719706,654900000,,68458,25.12,0.26,10,0,0,2026-09-08 07:26:46
2026-08-31,02515,2515.HK,天津建發,2.58,19.17,1785420,801716292,801716292,86915,20.54,0.22,10,0,0,2026-09-08 07:26:46
2026-09-01,00646,646.HK,中國環保科技,0.118,-16.9,750736,40438357,40438357,32926,22.8,1.86,10,0,0,2026-09-08 07:26:46
2026-09-01,08051,8051.HK,訊智海,2.46,0.0,2190876,64055406,64055406,2028,1080.42,3.42,10,0,0,2026-09-08 07:26:47
2026-09-01,01340,1340.HK,惠生國際,0.525,0.0,2342780,72673492,72673492,71142,32.93,3.22,10,0,0,2026-09-08 07:26:46
2026-09-01,08187,8187.HK,積木集團,0.525,0.0,4920900,79634016,79634016,76542,64.29,6.18,10,0,0,2026-09-08 07:26:47
2026-09-01,01891,1891.HK,興合控股,0.159,-0.62,599268,159000000,159000000,36889,16.25,0.38,10,0,0,2026-09-08 07:26:47
2026-09-01,01901,1901.HK,飛揚集團,0.167,-1.18,1379304,166732800,166732800,24921,55.35,0.83,10,0,0,2026-09-08 07:26:47
2026-09-01,02048,2048.HK,易居企業控股,0.109,289.29,36344772,190647489,190647489,697582,52.1,19.06,10,0,0,2026-09-08 07:26:47
2026-09-01,00910,910.HK,中國三迪,0.042,180.0,5891988,213704717,213704717,134341,43.86,2.76,10,0,0,2026-09-08 07:26:46
2026-09-01,01792,1792.HK,CMON,0.925,0.54,2176089,229104000,229104000,162905,13.36,0.95,10,0,0,2026-09-08 07:26:47
2026-09-01,01455,1455.HK,科利實業控股,0.285,14.0,959000,364390312,364390312,69544,13.79,0.26,10,0,0,2026-09-08 07:26:47
2026-09-01,01420,1420.HK,川控股,0.28,21.74,1526980,375942336,375942336,25764,59.27,0.41,10,0,0,2026-09-08 07:26:47
2026-09-01,00244,244.HK,先施,0.3,-1.64,1060140,394188768,394188768,71529,14.82,0.27,10,0,0,2026-09-08 07:26:46
2026-09-01,03411,3411.HK,PP亞洲美債,77.18,-0.05,970054,401336000,,14677,66.09,0.24,10,0,0,2026-09-08 07:26:47
2026-09-02,00997,997.HK,普匯中金國際,0.028,64.71,1214508,32740057,32740057,8246,147.28,3.71,10,0,0,2026-09-08 07:26:47
2026-09-02,01195,1195.HK,京維集團,0.019,26.67,3000296,54987743,54987743,10919,274.79,5.46,10,0,0,2026-09-08 07:26:48
2026-09-02,08082,8082.HK,擎華控股,0.022,10.0,2374570,58801945,58801945,61811,38.42,4.04,10,0,0,2026-09-08 07:26:48
2026-09-02,00646,646.HK,中國環保科技,0.185,56.78,2390804,63399119,63399119,108000,22.14,3.77,10,0,0,2026-09-08 07:26:47
2026-09-02,08187,8187.HK,積木集團,0.53,0.95,9750670,80392435,80392435,568632,17.15,12.13,10,0,0,2026-09-08 07:26:48
2026-09-02,03639,3639.HK,億達中國,0.035,2.94,10438674,90438950,90438950,302812,34.47,11.54,10,0,0,2026-09-08 07:26:48
2026-09-02,00653,653.HK,卓悅控股,0.06,36.36,3114072,112492684,112492684,221968,14.03,2.77,10,0,0,2026-09-08 07:26:47
2026-09-02,00328,328.HK,ALCO HOLDINGS,0.475,7.95,5706150,136036271,136036271,392775,14.53,4.19,10,0,0,2026-09-08 07:26:47
2026-09-02,01894,1894.HK,恆益控股,0.625,14.68,2003784,145848125,145848125,198250,10.11,1.37,10,0,0,2026-09-08 07:26:48
2026-09-02,02320,2320.HK,合豐集團,0.2,-3.85,2477876,163528800,163528800,206975,11.97,1.52,10,0,0,2026-09-08 07:26:48
2026-09-02,01094,1094.HK,承輝國際,0.425,6.25,8160341,302181466,302181466,98367,82.96,2.7,10,0,0,2026-09-08 07:26:48
2026-09-02,00672,672.HK,眾安集團,0.08,0.0,634097,450864784,450864784,42404,14.95,0.14,10,0,0,2026-09-08 07:26:47
2026-09-02,08229,8229.HK,未來數據集團,0.815,-1.81,2659100,452716200,452716200,217592,12.22,0.59,10,0,0,2026-09-08 07:26:48
2026-09-02,00149,149.HK,中國農產品交易,0.063,0.0,821431,627043273,627043273,76110,10.79,0.13,10,0,0,2026-09-08 07:26:47
2026-09-02,02120,2120.HK,康寧醫院,10.18,0.79,3462166,716662838,274101173,130584,26.51,0.48,10,0,0,2026-09-08 07:26:48
2026-09-02,06676,6676.HK,找鋼網-W,0.75,4.17,2093645,803796283,803796283,116128,18.03,0.26,10,0,0,2026-09-08 07:26:48
2026-09-03,03410,3410.HK,恆生日本東證一百,7.31,1.67,2224160,48756238,,218004,10.2,4.56,10,0,0,2026-09-08 07:26:49
2026-09-03,00923,923.HK,綜合環保集團,0.017,6.25,531466,81991153,81991153,3971,133.84,0.65,10,0,0,2026-09-08 07:26:49
2026-09-03,08237,8237.HK,華星控股,0.58,9.43,2184930,116593920,116593920,72576,30.11,1.87,10,0,0,2026-09-08 07:26:49
2026-09-03,01996,1996.HK,弘陽地產,0.037,32.14,1918645,123539226,123539226,22475,85.37,1.55,10,0,0,2026-09-08 07:26:49
2026-09-03,03708,3708.HK,中國供應鏈產業,0.189,-1.05,1556240,137455920,137455920,46155,33.72,1.13,10,0,0,2026-09-08 07:26:49
2026-09-03,02320,2320.HK,合豐集團,0.217,8.5,5883974,177428748,177428748,441826,13.32,3.32,10,0,0,2026-09-08 07:26:49
2026-09-03,01792,1792.HK,CMON,1.0,-1.96,5686171,247680000,247680000,407234,13.96,2.3,10,0,0,2026-09-08 07:26:49
2026-09-03,01314,1314.HK,翠華控股,0.185,-1.6,593880,261076893,261076893,39080,15.2,0.23,10,0,0,2026-09-08 07:26:49
2026-09-03,01939,1939.HK,上善黃金,0.53,0.0,3290350,271296400,271296400,327811,10.04,1.21,10,0,0,2026-09-08 07:26:49
2026-09-03,01265,1265.HK,天津津燃公用,0.151,0.67,651250,277735478,75509060,4901,132.88,0.23,10,0,0,2026-09-08 07:26:49
2026-09-03,01407,1407.HK,交運燃氣,0.665,14.66,1161340,292600000,292600000,115967,10.01,0.4,10,0,0,2026-09-08 07:26:49
2026-09-03,09982,9982.HK,中原建業,0.103,9.57,2855582,477777554,477777554,171109,16.69,0.6,10,0,0,2026-09-08 07:26:50
2026-09-03,02863,2863.HK,高豐集團控股,0.71,4.41,48197910,489552810,489552810,899912,53.56,9.85,10,0,0,2026-09-08 07:26:49
2026-09-03,06182,6182.HK,乙德投資控股,0.65,28.71,132050520,520000000,520000000,5633008,23.44,25.39,10,0,0,2026-09-08 07:26:49
2026-09-03,02779,2779.HK,中國新華教育,0.34,4.62,1369525,546918220,546918220,126538,10.82,0.25,10,0,0,2026-09-08 07:26:49
2026-09-03,02392,2392.HK,玄武雲,1.045,-0.48,6365928,579827655,579827655,118707,53.63,1.1,10,0,0,2026-09-08 07:26:49
2026-09-03,08037,8037.HK,中國生物科技服務,0.61,0.0,5957650,595196002,595196002,66944,88.99,1.0,10,0,0,2026-09-08 07:26:49
2026-09-03,06898,6898.HK,中國鋁罐,0.685,3.01,1873240,644859685,644859685,111641,16.78,0.29,10,0,0,2026-09-08 07:26:49
2026-09-03,03428,3428.HK,GX國壽港美,11.54,0.52,1035899,942818000,,71832,14.42,0.11,10,0,0,2026-09-08 07:26:49
2026-09-04,01393,1393.HK,恆鼎實業,0.028,27.27,5553779,128947263,128947263,197320,28.15,4.31,10,0,0,2026-09-08 07:26:50
2026-09-04,08483,8483.HK,名仕快相,0.166,-8.29,1032352,132800000,132800000,57727,17.88,0.78,10,0,0,2026-09-08 07:26:51
2026-09-04,01663,1663.HK,漢港控股,0.065,30.0,909850,160160000,160160000,64870,14.03,0.57,10,0,0,2026-09-08 07:26:50
2026-09-04,03997,3997.HK,電訊首科,1.28,-9.22,1534370,164277760,164277760,129610,11.84,0.93,10,0,0,2026-09-08 07:26:50
2026-09-04,00328,328.HK,ALCO HOLDINGS,0.615,3.36,12628011,176131172,176131172,1171719,10.78,7.17,10,0,0,2026-09-08 07:26:50
2026-09-04,02322,2322.HK,新質數字,0.06,17.65,3749944,265236000,265236000,282663,13.27,1.41,10,0,0,2026-09-08 07:26:50
2026-09-04,01094,1094.HK,承輝國際,0.375,-11.76,27613965,266630705,266630705,931140,29.66,10.36,10,0,0,2026-09-08 07:26:50
2026-09-04,03789,3789.HK,禦佳控股,0.228,3.64,894564,273600000,273600000,31594,28.31,0.33,10,0,0,2026-09-08 07:26:50
2026-09-04,08375,8375.HK,數盟資本,0.9,-0.55,555000,311040000,311040000,36580,15.17,0.18,10,0,0,2026-09-08 07:26:51
2026-09-04,01587,1587.HK,欣融國際,0.5,0.0,3408280,340000000,340000000,117786,28.94,1.0,10,0,0,2026-09-08 07:26:50
2026-09-04,00756,756.HK,森美控股,1.08,22.73,595240,367802926,367802926,38050,15.64,0.16,10,0,0,2026-09-08 07:26:50
2026-09-04,02170,2170.HK,貝康醫療-B,1.375,0.0,921342,376098250,113731523,68120,13.53,0.24,10,0,0,2026-09-08 07:26:50
2026-09-04,00529,529.HK,新龍國際,1.7,-6.85,680000,472543332,472543332,18250,37.26,0.14,10,0,0,2026-09-08 07:26:50
2026-09-04,00201,201.HK,華大酒店,0.062,-6.06,1430718,554717182,554717182,52363,27.32,0.26,10,0,0,2026-09-08 07:26:50
2026-09-04,02167,2167.HK,天潤雲,5.12,-0.58,6321754,887707648,887707648,581998,10.86,0.71,10,0,0,2026-09-08 07:26:50
2026-09-07,08385,8385.HK,萬里印刷,0.095,-3.06,1112877,9916860,9916860,55358,20.1,11.22,10,0,0,2026-09-08 07:26:52
2026-09-07,08471,8471.HK,新達控股,0.39,44.44,1561875,28688400,28688400,23865,65.45,5.44,10,0,0,2026-09-08 07:26:52
2026-09-07,01842,1842.HK,植華集團,0.043,16.22,680924,61920000,61920000,9098,74.85,1.1,10,0,0,2026-09-08 07:26:51
2026-09-07,00261,261.HK,GBA集團,0.265,0.0,3545790,87810845,87810845,219666,16.14,4.04,10,0,0,2026-09-08 07:26:51
2026-09-07,01160,1160.HK,金石資本集團,0.4,0.0,640000,94908500,94908500,8000,80.0,0.67,10,0,0,2026-09-08 07:26:51
2026-09-07,06988,6988.HK,樂享集團,0.06,39.53,1100497,142315632,142315632,43975,25.03,0.77,10,0,0,2026-09-08 07:26:52
2026-09-07,02370,2370.HK,力高健康生活,1.225,4.7,968745,245000000,245000000,73800,13.13,0.4,10,0,0,2026-09-08 07:26:51
2026-09-07,02545,2545.HK,中贛通信,0.42,1.2,500470,268800000,268800000,10438,47.95,0.19,10,0,0,2026-09-08 07:26:51
2026-09-07,00979,979.HK,綠色能源科技集團,0.445,39.06,2320787,603557138,603557138,136522,17.0,0.38,10,0,0,2026-09-08 07:26:51
2026-09-07,00360,360.HK,新焦點,0.042,50.0,9812460,723111831,723111831,52708,186.17,1.36,10,0,0,2026-09-08 07:26:51
2026-09-07,00538,538.HK,味千(中國),0.795,1.27,15731792,867773362,867773362,391920,40.14,1.81,10,0,0,2026-09-08 07:26:51
