code5,symbol_lb,name,board,is_reit,in_seed_20260831
00001,1.HK,長和,MAIN,0,0
00002,2.HK,中電控股,MAIN,0,0
00003,3.HK,香港中華煤氣,MAIN,0,0
00004,4.HK,九龍倉集團,MAIN,0,0
00005,5.HK,匯豐控股,MAIN,0,0
00006,6.HK,電能實業,MAIN,0,0
00007,7.HK,智富資源投資,MAIN,0,1
00008,8.HK,電訊盈科,MAIN,0,0
00010,10.HK,恒隆集團,MAIN,0,0
00012,12.HK,恒基地產,MAIN,0,0
00013,13.HK,和黃醫藥,MAIN,0,0
00014,14.HK,希慎興業,MAIN,0,0
00016,16.HK,新鴻基地產,MAIN,0,0
00017,17.HK,新世界發展,MAIN,0,0
00018,18.HK,東方傳媒集團,MAIN,0,1
00019,19.HK,太古股份公司Ａ,MAIN,0,0
00020,20.HK,商湯－Ｗ,MAIN,0,0
00021,21.HK,大中華控股,MAIN,0,1
00022,22.HK,茂盛控股,MAIN,0,1
00023,23.HK,東亞銀行,MAIN,0,0
00025,25.HK,CHEVALIER INT'L,MAIN,0,0
00026,26.HK,中華汽車,MAIN,0,0
00027,27.HK,銀河娛樂,MAIN,0,0
00028,28.HK,天安,MAIN,0,0
00029,29.HK,達力集團,MAIN,0,0
00030,30.HK,雲白國際,MAIN,0,0
00031,31.HK,航天控股,MAIN,0,0
00032,32.HK,港通控股,MAIN,0,0
00033,33.HK,INTL GENIUS,MAIN,0,1
00034,34.HK,九龍建業,MAIN,0,0
00035,35.HK,遠東發展,MAIN,0,0
00036,36.HK,遠東控股國際,MAIN,0,1
00037,37.HK,遠東酒店實業,MAIN,0,1
00038,38.HK,第一拖拉機股份,MAIN,0,0
00039,39.HK,中國北大荒,MAIN,0,1
00040,40.HK,金山科技工業,MAIN,0,1
00041,41.HK,鷹君,MAIN,0,0
00042,42.HK,東北電氣,MAIN,0,1
00045,45.HK,大酒店,MAIN,0,0
00046,46.HK,科聯系統,MAIN,0,1
00048,48.HK,中國汽車內飾,MAIN,0,1
00050,50.HK,香港小輪（集團）,MAIN,0,0
00051,51.HK,海港企業,MAIN,0,0
00052,52.HK,大快活集團,MAIN,0,1
00053,53.HK,國浩集團,MAIN,0,0
00055,55.HK,中星集團控股,MAIN,0,1
00057,57.HK,震雄集團,MAIN,0,1
00058,58.HK,新威國際,MAIN,0,1
00059,59.HK,天譽置業,MAIN,0,1
00060,60.HK,香港食品投資,MAIN,0,1
00061,61.HK,綠領控股,MAIN,0,1
00062,62.HK,載通,MAIN,0,0
00063,63.HK,中亞烯谷集團,MAIN,0,1
00064,64.HK,結好控股,MAIN,0,0
00065,65.HK,弘海高新資源,MAIN,0,1
00066,66.HK,港鐵公司,MAIN,0,0
00068,68.HK,MANYCORE TECH,MAIN,0,0
00069,69.HK,香格里拉（亞洲）,MAIN,0,0
00070,70.HK,金粵控股,MAIN,0,1
00071,71.HK,美麗華酒店,MAIN,0,0
00072,72.HK,超媒體控股,MAIN,0,1
00073,73.HK,亞洲果業,MAIN,0,1
00075,75.HK,渝太地產,MAIN,0,1
00076,76.HK,誼礫控股,MAIN,0,1
00077,77.HK,進智公共交通,MAIN,0,1
00078,78.HK,REGAL INT'L,MAIN,0,1
00079,79.HK,世紀建業,MAIN,0,1
00080,80.HK,ＣＡＩ控股,MAIN,0,1
00081,81.HK,中國海外宏洋集團,MAIN,0,0
00082,82.HK,瘋狂體育,MAIN,0,1
00083,83.HK,信和置業,MAIN,0,0
00084,84.HK,寶光實業,MAIN,0,1
00085,85.HK,中電華大科技,MAIN,0,0
00086,86.HK,新鴻基公司,MAIN,0,0
00087,87.HK,太古股份公司Ｂ,MAIN,0,0
00088,88.HK,TAI CHEUNG HOLD,MAIN,0,0
00089,89.HK,大生地產,MAIN,0,1
00090,90.HK,普星能量,MAIN,0,1
00092,92.HK,冠軍科技集團,MAIN,0,1
00093,93.HK,零在科技金融,MAIN,0,1
00094,94.HK,綠心集團,MAIN,0,1
00095,95.HK,綠景中國地產,MAIN,0,0
00096,96.HK,YUSEI,MAIN,0,1
00097,97.HK,恒基發展,MAIN,0,1
00098,98.HK,興發鋁業,MAIN,0,0
00099,99.HK,王氏國際,MAIN,0,1
00100,100.HK,MINIMAX-W,MAIN,0,0
00101,101.HK,恒隆地產,MAIN,0,0
00103,103.HK,首佳科技,MAIN,0,1
00104,104.HK,ASIA COMM HOLD,MAIN,0,1
00105,105.HK,凱聯國際酒店,MAIN,0,0
00106,106.HK,朗詩綠色管理,MAIN,0,1
00107,107.HK,四川成渝高速公路,MAIN,0,0
00108,108.HK,春雨醫療,MAIN,0,0
00110,110.HK,中國長遠,MAIN,0,1
00111,111.HK,信達國際控股,MAIN,0,1
00113,113.HK,迪生創建,MAIN,0,0
00114,114.HK,HERALD HOLD,MAIN,0,1
00115,115.HK,鈞濠集團,MAIN,0,1
00116,116.HK,周生生,MAIN,0,0
00117,117.HK,天利控股集團,MAIN,0,0
00118,118.HK,大同機械,MAIN,0,1
00119,119.HK,保利置業集團,MAIN,0,0
00120,120.HK,COSMOPOL INT'L,MAIN,0,1
00122,122.HK,鱷魚恤,MAIN,0,1
00123,123.HK,越秀地產,MAIN,0,0
00124,124.HK,粵海置地,MAIN,0,1
00125,125.HK,新興光學,MAIN,0,1
00126,126.HK,佳寧娜,MAIN,0,1
00127,127.HK,華人置業,MAIN,0,0
00128,128.HK,安寧控股,MAIN,0,1
00129,129.HK,泛海集團,MAIN,0,1
00130,130.HK,慕詩國際,MAIN,0,1
00131,131.HK,卓能（集團）,MAIN,0,1
00132,132.HK,興業控股,MAIN,0,1
00133,133.HK,招商局中國基金,MAIN,0,0
00135,135.HK,昆侖能源,MAIN,0,0
00136,136.HK,中國儒意,MAIN,0,0
00137,137.HK,金輝集團,MAIN,0,1
00138,138.HK,中建富通,MAIN,0,1
00139,139.HK,小魚盈通,MAIN,0,1
00142,142.HK,第一太平,MAIN,0,0
00144,144.HK,招商局港口,MAIN,0,0
00145,145.HK,信能低碳,MAIN,0,1
00146,146.HK,TAI PING CARPET,MAIN,0,1
00147,147.HK,國際商業結算,MAIN,0,0
00148,148.HK,建滔集團,MAIN,0,0
00149,149.HK,中國農產品交易,MAIN,0,1
00150,150.HK,HYPEBEAST,MAIN,0,1
00151,151.HK,中國旺旺,MAIN,0,0
00152,152.HK,深圳國際,MAIN,0,0
00154,154.HK,北京控股環境集團,MAIN,0,1
00156,156.HK,力寶華潤,MAIN,0,1
00157,157.HK,自然美,MAIN,0,1
00158,158.HK,萬邦投資,MAIN,0,0
00159,159.HK,布萊克萬礦業,MAIN,0,1
00160,160.HK,漢國置業,MAIN,0,1
00162,162.HK,世紀金花,MAIN,0,1
00163,163.HK,英皇國際,MAIN,0,1
00164,164.HK,中國寶力科技,MAIN,0,1
00165,165.HK,中國光大控股,MAIN,0,0
00166,166.HK,新時代集團控股,MAIN,0,1
00167,167.HK,IDT INT'L,MAIN,0,0
00168,168.HK,青島啤酒股份,MAIN,0,0
00169,169.HK,萬達酒店發展,MAIN,0,1
00171,171.HK,銀建國際,MAIN,0,1
00173,173.HK,嘉華國際,MAIN,0,0
00174,174.HK,盛洋投資,MAIN,0,1
00175,175.HK,吉利汽車,MAIN,0,0
00176,176.HK,先機企業集團,MAIN,0,1
00177,177.HK,江蘇寧滬高速公路,MAIN,0,0
00178,178.HK,莎莎國際,MAIN,0,0
00179,179.HK,德昌電機控股,MAIN,0,0
00180,180.HK,開達集團,MAIN,0,1
00181,181.HK,閩港控股,MAIN,0,1
00182,182.HK,協合新能源,MAIN,0,0
00183,183.HK,宏輝集團,MAIN,0,1
00184,184.HK,激成投資,MAIN,0,1
00185,185.HK,正商實業,MAIN,0,1
00186,186.HK,敏捷控股,MAIN,0,0
00187,187.HK,京城機電股份,MAIN,0,1
00188,188.HK,新華匯富金融,MAIN,0,1
00189,189.HK,東岳集團,MAIN,0,0
00191,191.HK,麗新國際,MAIN,0,1
00193,193.HK,冠中地產,MAIN,0,1
00194,194.HK,廖創興企業,MAIN,0,0
00196,196.HK,宏華集團,MAIN,0,0
00197,197.HK,亨泰,MAIN,0,1
00199,199.HK,德祥地產,MAIN,0,0
00200,200.HK,新濠國際發展,MAIN,0,0
00201,201.HK,華大酒店,MAIN,0,1
00202,202.HK,潤中國際控股,MAIN,0,1
00204,204.HK,資本界金控,MAIN,0,1
00205,205.HK,BFB HEALTH,MAIN,0,1
00206,206.HK,華商能源,MAIN,0,1
00209,209.HK,萬維智能科技,MAIN,0,1
00210,210.HK,達芙妮國際,MAIN,0,1
00211,211.HK,STYLAND HOLD,MAIN,0,1
00212,212.HK,NANYANG HOLD,MAIN,0,1
00213,213.HK,NATIONAL ELEC H,MAIN,0,1
00214,214.HK,匯漢控股,MAIN,0,1
00215,215.HK,和記電訊香港,MAIN,0,0
00216,216.HK,建業實業,MAIN,0,1
00217,217.HK,中國誠通發展集團,MAIN,0,1
00218,218.HK,申萬宏源香港,MAIN,0,0
00219,219.HK,順豪物業,MAIN,0,1
00220,220.HK,統一企業中國,MAIN,0,0
00222,222.HK,閩信集團,MAIN,0,0
00223,223.HK,易生活控股,MAIN,0,1
00224,224.HK,建生國際,MAIN,0,1
00225,225.HK,博富臨置業,MAIN,0,1
00227,227.HK,第一上海,MAIN,0,1
00228,228.HK,中能控股,MAIN,0,1
00229,229.HK,利民實業,MAIN,0,1
00232,232.HK,大陸航空科技控股,MAIN,0,0
00234,234.HK,新世紀集團,MAIN,0,1
00235,235.HK,中策資本控股,MAIN,0,1
00236,236.HK,香港生力啤,MAIN,0,1
00237,237.HK,安全貨倉,MAIN,0,1
00239,239.HK,白花油,MAIN,0,1
00240,240.HK,利基控股,MAIN,0,0
00241,241.HK,阿里健康,MAIN,0,0
00242,242.HK,信德集團,MAIN,0,0
00243,243.HK,QPL INT'L,MAIN,0,1
00244,244.HK,先施,MAIN,0,1
00245,245.HK,中薇金融,MAIN,0,0
00247,247.HK,TST PROPERTIES,MAIN,0,0
00248,248.HK,香港通訊國際控股,MAIN,0,1
00251,251.HK,爪哇控股,MAIN,0,1
00252,252.HK,華信地產財務,MAIN,0,1
00253,253.HK,順豪控股,MAIN,0,1
00254,254.HK,國家聯合資源,MAIN,0,1
00255,255.HK,龍記集團,MAIN,0,1
00256,256.HK,冠城鐘錶珠寶,MAIN,0,1
00257,257.HK,光大環境,MAIN,0,0
00258,258.HK,湯臣集團,MAIN,0,0
00259,259.HK,億都（國際控股）,MAIN,0,0
00261,261.HK,ＧＢＡ集團,MAIN,0,1
00262,262.HK,迪臣發展國際,MAIN,0,1
00264,264.HK,中聯發展控股,MAIN,0,1
00265,265.HK,港譽智慧城市服務,MAIN,0,1
00266,266.HK,天德地產,MAIN,0,1
00267,267.HK,中信股份,MAIN,0,0
00268,268.HK,金蝶國際,MAIN,0,0
00269,269.HK,中國資源交通,MAIN,0,1
00270,270.HK,粵海投資,MAIN,0,0
00271,271.HK,亞證地產,MAIN,0,1
00272,272.HK,瑞安房地產,MAIN,0,0
00274,274.HK,復興亞洲,MAIN,0,1
00276,276.HK,蒙古能源,MAIN,0,1
00277,277.HK,太興置業,MAIN,0,1
00279,279.HK,裕承科金,MAIN,0,1
00280,280.HK,景福集團,MAIN,0,1
00285,285.HK,比亞迪電子,MAIN,0,0
00286,286.HK,愛帝宮,MAIN,0,1
00287,287.HK,永發置業,MAIN,0,1
00288,288.HK,萬洲國際,MAIN,0,0
00289,289.HK,WING ON CO,MAIN,0,0
00290,290.HK,國富量子,MAIN,0,0
00291,291.HK,華潤啤酒,MAIN,0,0
00293,293.HK,國泰航空,MAIN,0,0
00294,294.HK,長江製衣,MAIN,0,1
00295,295.HK,江山控股,MAIN,0,1
00296,296.HK,英皇娛樂酒店,MAIN,0,1
00297,297.HK,中化化肥,MAIN,0,0
00298,298.HK,莊士中國,MAIN,0,1
00299,299.HK,寶新置地,MAIN,0,1
00300,300.HK,美的集團,MAIN,0,0
00301,301.HK,三和精化,MAIN,0,0
00302,302.HK,中手游,MAIN,0,1
00303,303.HK,VTECH HOLDINGS,MAIN,0,0
00305,305.HK,五菱汽車,MAIN,0,0
00306,306.HK,冠忠巴士集團,MAIN,0,0
00308,308.HK,香港中旅,MAIN,0,0
00309,309.HK,新華通訊頻媒,MAIN,0,1
00310,310.HK,嘉進投資國際,MAIN,0,1
00311,311.HK,聯泰控股,MAIN,0,1
00312,312.HK,歲寶百貨,MAIN,0,1
00313,313.HK,裕田中國,MAIN,0,1
00314,314.HK,思派健康,MAIN,0,0
00315,315.HK,數碼通電訊,MAIN,0,0
00316,316.HK,東方海外國際,MAIN,0,0
00317,317.HK,中船防務,MAIN,0,0
00318,318.HK,黃河實業,MAIN,0,1
00320,320.HK,金寶通,MAIN,0,1
00321,321.HK,德永佳集團,MAIN,0,0
00322,322.HK,康師傅控股,MAIN,0,0
00323,323.HK,馬鞍山鋼鐵股份,MAIN,0,0
00325,325.HK,布魯可,MAIN,0,0
00326,326.HK,中國星集團,MAIN,0,0
00327,327.HK,百富環球,MAIN,0,0
00328,328.HK,ALCO HOLDINGS,MAIN,0,1
00329,329.HK,東建國際,MAIN,0,1
00330,330.HK,思捷環球,MAIN,0,1
00331,331.HK,豐盛生活服務,MAIN,0,0
00332,332.HK,元亨燃氣,MAIN,0,1
00333,333.HK,黛麗斯國際,MAIN,0,1
00334,334.HK,華顯光電,MAIN,0,1
00335,335.HK,美建集團,MAIN,0,0
00336,336.HK,華寶國際,MAIN,0,0
00337,337.HK,綠地香港,MAIN,0,1
00338,338.HK,上海石油化工股份,MAIN,0,0
00339,339.HK,全球數字控股,MAIN,0,1
00340,340.HK,潼關黃金,MAIN,0,0
00341,341.HK,大家樂集團,MAIN,0,0
00343,343.HK,文化傳信,MAIN,0,1
00345,345.HK,VITASOY INT'L,MAIN,0,0
00346,346.HK,延長石油國際,MAIN,0,1
00347,347.HK,鞍鋼股份,MAIN,0,0
00348,348.HK,中國智能健康,MAIN,0,1
00351,351.HK,亞洲能源物流,MAIN,0,1
00352,352.HK,富陽,MAIN,0,1
00353,353.HK,能源國際投資,MAIN,0,1
00354,354.HK,中國軟件國際,MAIN,0,0
00355,355.HK,世紀城市國際,MAIN,0,1
00356,356.HK,鼎立資本,MAIN,0,1
00357,357.HK,美蘭空港,MAIN,0,0
00358,358.HK,江西銅業股份,MAIN,0,0
00360,360.HK,新焦點,MAIN,0,1
00361,361.HK,漢成發展控股,MAIN,0,1
00362,362.HK,中國天化工,MAIN,0,1
00363,363.HK,上海實業控股,MAIN,0,0
00365,365.HK,芯成科技,MAIN,0,1
00366,366.HK,陸氏集團（越南）,MAIN,0,1
00367,367.HK,莊士機構國際,MAIN,0,1
00368,368.HK,德合集團,MAIN,0,0
00369,369.HK,永泰地產,MAIN,0,0
00370,370.HK,港仔機器人,MAIN,0,1
00371,371.HK,北控水務集團,MAIN,0,0
00372,372.HK,保德國際發展,MAIN,0,1
00373,373.HK,聯合集團,MAIN,0,0
00374,374.HK,四洲集團,MAIN,0,1
00375,375.HK,YGM TRADING,MAIN,0,1
00376,376.HK,雲鋒金融,MAIN,0,0
00377,377.HK,中國華君,MAIN,0,1
00379,379.HK,恒嘉融資租賃,MAIN,0,1
00380,380.HK,中國管業,MAIN,0,1
00381,381.HK,權識國際,MAIN,0,1
00382,382.HK,中滙集團,MAIN,0,1
00383,383.HK,天安卓健,MAIN,0,1
00384,384.HK,中國燃氣,MAIN,0,0
00385,385.HK,建聯集團,MAIN,0,1
00386,386.HK,中國石油化工股份,MAIN,0,0
00387,387.HK,力豐（集團）,MAIN,0,1
00388,388.HK,香港交易所,MAIN,0,0
00389,389.HK,通天酒業,MAIN,0,1
00390,390.HK,中國中鐵,MAIN,0,0
00391,391.HK,美亞娛樂資訊,MAIN,0,0
00392,392.HK,北京控股,MAIN,0,0
00393,393.HK,旭日企業,MAIN,0,0
00396,396.HK,興利（香港）控股,MAIN,0,1
00397,397.HK,嬴集團,MAIN,0,1
00398,398.HK,東方表行集團,MAIN,0,0
00399,399.HK,星太鏈集團,MAIN,0,1
00400,400.HK,硬蛋創新,MAIN,0,0
00401,401.HK,萬嘉集團,MAIN,0,1
00403,403.HK,星光集團,MAIN,0,1
00405,405.HK,越秀房產信託基金,MAIN,1,0
00406,406.HK,有利集團,MAIN,0,1
00408,408.HK,葉氏化工集團,MAIN,0,0
00410,410.HK,ＳＯＨＯ中國,MAIN,0,0
00411,411.HK,南順（香港）,MAIN,0,0
00412,412.HK,山高控股,MAIN,0,0
00413,413.HK,南華集團控股,MAIN,0,1
00417,417.HK,謝瑞麟,MAIN,0,1
00418,418.HK,方正控股,MAIN,0,1
00419,419.HK,弘毅文化集團,MAIN,0,0
00420,420.HK,福田實業,MAIN,0,1
00422,422.HK,越南製造加工出口,MAIN,0,1
00423,423.HK,經濟日報集團,MAIN,0,1
00425,425.HK,敏實集團,MAIN,0,0
00426,426.HK,萬華媒體,MAIN,0,1
00428,428.HK,中國天弓控股,MAIN,0,1
00430,430.HK,東方興業控股,MAIN,0,1
00432,432.HK,盈大地產,MAIN,0,1
00433,433.HK,北方礦業,MAIN,0,1
00434,434.HK,博雅互動,MAIN,0,0
00435,435.HK,陽光房地產基金,MAIN,1,0
00436,436.HK,新宇環保,MAIN,0,1
00438,438.HK,彩虹新能源,MAIN,0,1
00439,439.HK,瀚源控股,MAIN,0,1
00440,440.HK,大新金融,MAIN,0,0
00442,442.HK,域能控股,MAIN,0,1
00444,444.HK,SINCEREWATCH HK,MAIN,0,1
00450,450.HK,鴻興印刷集團,MAIN,0,1
00451,451.HK,時代數字,MAIN,0,1
00455,455.HK,天大藥業,MAIN,0,1
00456,456.HK,新城市建設發展,MAIN,0,1
00458,458.HK,聯亞集團,MAIN,0,1
00460,460.HK,四環醫藥,MAIN,0,0
00464,464.HK,中國智能科技,MAIN,0,1
00465,465.HK,富通科技,MAIN,0,0
00467,467.HK,聯合能源集團,MAIN,0,0
00468,468.HK,紛美包裝,MAIN,0,0
00470,470.HK,先導智能,MAIN,0,0
00471,471.HK,中播數據,MAIN,0,1
00472,472.HK,新絲路控股集團,MAIN,0,1
00474,474.HK,信銘生命科技,MAIN,0,0
00475,475.HK,中發展控股,MAIN,0,1
00476,476.HK,科軒動力控股,MAIN,0,1
00480,480.HK,香港興業國際,MAIN,0,0
00482,482.HK,聖馬丁國際,MAIN,0,1
00483,483.HK,包浩斯國際,MAIN,0,1
00484,484.HK,雲遊控股,MAIN,0,1
00485,485.HK,中國華星,MAIN,0,1
00486,486.HK,俄鋁,MAIN,0,0
00487,487.HK,實德環球,MAIN,0,1
00488,488.HK,麗新發展,MAIN,0,0
00491,491.HK,英皇文化產業,MAIN,0,1
00493,493.HK,國美零售,MAIN,0,1
00496,496.HK,卡森國際,MAIN,0,1
00497,497.HK,資本策略地產,MAIN,0,0
00498,498.HK,藍河控股,MAIN,0,1
00499,499.HK,青島控股,MAIN,0,1
00500,500.HK,先豐服務集團,MAIN,0,1
00501,501.HK,豪威集團,MAIN,0,0
00505,505.HK,興業合金,MAIN,0,1
00506,506.HK,中國食品,MAIN,0,0
00508,508.HK,鼎億集團投資,MAIN,0,1
00509,509.HK,世紀陽光,MAIN,0,1
00510,510.HK,時富金融服務集團,MAIN,0,1
00511,511.HK,無綫集團,MAIN,0,0
00512,512.HK,遠大醫藥,MAIN,0,0
00513,513.HK,恆和集團,MAIN,0,1
00515,515.HK,中華銀科技,MAIN,0,1
00517,517.HK,中遠海運國際,MAIN,0,0
00518,518.HK,同得仕（集團）,MAIN,0,1
00519,519.HK,諾科達科技,MAIN,0,1
00520,520.HK,呷哺呷哺,MAIN,0,1
00521,521.HK,CWT INT'L,MAIN,0,0
00522,522.HK,ASMPT,MAIN,0,0
00524,524.HK,長城天下,MAIN,0,1
00525,525.HK,廣深鐵路股份,MAIN,0,0
00526,526.HK,利時集團控股,MAIN,0,1
00527,527.HK,瑞風綠能智算,MAIN,0,0
00528,528.HK,金達控股,MAIN,0,1
00529,529.HK,SIS INT'L,MAIN,0,1
00532,532.HK,WKK INTL (HOLD),MAIN,0,1
00533,533.HK,金利來集團,MAIN,0,1
00535,535.HK,金地商置,MAIN,0,0
00536,536.HK,貿易通,MAIN,0,1
00537,537.HK,普源精電,MAIN,0,1
00538,538.HK,味千（中國）,MAIN,0,1
00540,540.HK,迅捷環球控股,MAIN,0,1
00542,542.HK,中國文旅農業,MAIN,0,0
00543,543.HK,太平洋網絡,MAIN,0,1
00544,544.HK,大同集團,MAIN,0,1
00546,546.HK,阜豐集團,MAIN,0,0
00547,547.HK,數字王國,MAIN,0,0
00548,548.HK,深圳高速公路股份,MAIN,0,0
00550,550.HK,律齊文化,MAIN,0,1
00551,551.HK,裕元集團,MAIN,0,0
00552,552.HK,中國通信服務,MAIN,0,0
00553,553.HK,南京熊貓電子股份,MAIN,0,1
00554,554.HK,漢思集團控股,MAIN,0,1
00556,556.HK,泛亞環保,MAIN,0,1
00557,557.HK,天元醫療,MAIN,0,1
00558,558.HK,力勁科技,MAIN,0,0
00559,559.HK,德泰新能源集團,MAIN,0,1
00560,560.HK,珠江船務,MAIN,0,1
00563,563.HK,上實城市開發,MAIN,0,0
00564,564.HK,中創智領,MAIN,0,0
00565,565.HK,錦藝集團控股,MAIN,0,0
00567,567.HK,金安智能,MAIN,0,1
00568,568.HK,山東墨龍,MAIN,0,0
00570,570.HK,中國中藥,MAIN,0,0
00571,571.HK,豐德麗控股,MAIN,0,1
00572,572.HK,未來世界控股,MAIN,0,1
00573,573.HK,稻香控股,MAIN,0,1
00574,574.HK,百信國際,MAIN,0,1
00575,575.HK,勵晶太平洋,MAIN,0,1
00576,576.HK,浙江滬杭甬,MAIN,0,0
00579,579.HK,京能清潔能源,MAIN,0,0
00580,580.HK,賽晶科技,MAIN,0,0
00581,581.HK,中國東方集團,MAIN,0,0
00582,582.HK,神話世界,MAIN,0,1
00583,583.HK,長城環亞控股,MAIN,0,1
00585,585.HK,意力國際,MAIN,0,0
00586,586.HK,海螺創業,MAIN,0,0
00587,587.HK,海螺環保,MAIN,0,1
00588,588.HK,北京北辰實業股份,MAIN,0,1
00590,590.HK,六福集團,MAIN,0,0
00591,591.HK,中國高精密,MAIN,0,1
00595,595.HK,AV CONCEPT HOLD,MAIN,0,0
00596,596.HK,浪潮數字企業,MAIN,0,0
00598,598.HK,中國外運,MAIN,0,0
00599,599.HK,怡邦行控股,MAIN,0,1
00600,600.HK,愛芯元智,MAIN,0,0
00601,601.HK,稀鎂科技,MAIN,0,1
00602,602.HK,佳華百貨控股,MAIN,0,1
00603,603.HK,中油燃氣,MAIN,0,1
00604,604.HK,深圳控股,MAIN,0,0
00605,605.HK,中國金融投資管理,MAIN,0,1
00606,606.HK,中駿商管,MAIN,0,1
00607,607.HK,豐盛控股,MAIN,0,1
00608,608.HK,達利國際,MAIN,0,1
00609,609.HK,天德化工,MAIN,0,1
00610,610.HK,WAI KEE HOLD,MAIN,0,1
00611,611.HK,中國核能科技,MAIN,0,1
00612,612.HK,嘉文世紀投資公司,MAIN,0,1
00613,613.HK,梧桐國際,MAIN,0,0
00616,616.HK,財富鏈,MAIN,0,1
00617,617.HK,百利保控股,MAIN,0,1
00618,618.HK,北大資源,MAIN,0,1
00619,619.HK,南華金融,MAIN,0,1
00620,620.HK,大唐西市,MAIN,0,1
00621,621.HK,壇金礦業,MAIN,0,1
00622,622.HK,威華達控股,MAIN,0,0
00623,623.HK,金橋集團控股,MAIN,0,1
00625,625.HK,希音－Ｗ,MAIN,0,0
00626,626.HK,大眾金融控股,MAIN,0,0
00627,627.HK,共生智築,MAIN,0,1
00628,628.HK,通通ＡＩ社交,MAIN,0,0
00629,629.HK,悅達國際控股,MAIN,0,1
00630,630.HK,雋泰控股,MAIN,0,1
00631,631.HK,三一國際,MAIN,0,0
00632,632.HK,中港石油,MAIN,0,1
00635,635.HK,彩星集團,MAIN,0,0
00636,636.HK,KLN,MAIN,0,0
00637,637.HK,利記,MAIN,0,1
00638,638.HK,廣和通,MAIN,0,0
00639,639.HK,首鋼資源,MAIN,0,0
00640,640.HK,星謙發展,MAIN,0,1
00641,641.HK,中國恒天立信國際,MAIN,0,1
00643,643.HK,恆富控股,MAIN,0,1
00645,645.HK,安域亞洲,MAIN,0,1
00646,646.HK,中國環保科技,MAIN,0,1
00648,648.HK,京玖康療,MAIN,0,1
00650,650.HK,普達特科技,MAIN,0,0
00653,653.HK,卓悅控股,MAIN,0,1
00655,655.HK,香港華人有限公司,MAIN,0,1
00656,656.HK,復星國際,MAIN,0,0
00657,657.HK,環科國際,MAIN,0,1
00658,658.HK,中國高速傳動,MAIN,0,0
00659,659.HK,周大福創建,MAIN,0,0
00660,660.HK,瑋俊生物科技,MAIN,0,1
00661,661.HK,中國大冶有色金屬,MAIN,0,0
00662,662.HK,亞洲金融,MAIN,0,0
00664,664.HK,銅師傅,MAIN,0,1
00666,666.HK,瑞浦蘭鈞,MAIN,0,0
00667,667.HK,中國東方教育,MAIN,0,0
00668,668.HK,安克創新,MAIN,0,0
00669,669.HK,創科實業,MAIN,0,0
00670,670.HK,中國東方航空股份,MAIN,0,0
00672,672.HK,眾安集團,MAIN,0,1
00673,673.HK,中國衛生集團,MAIN,0,1
00674,674.HK,中國唐商,MAIN,0,1
00675,675.HK,堅寶國際,MAIN,0,1
00676,676.HK,創信國際,MAIN,0,1
00677,677.HK,金源發展國際實業,MAIN,0,1
00679,679.HK,亞洲聯網科技,MAIN,0,0
00681,681.HK,中民控股,MAIN,0,1
00682,682.HK,超大現代,MAIN,0,1
00683,683.HK,嘉里建設,MAIN,0,0
00684,684.HK,亞倫國際,MAIN,0,1
00685,685.HK,世界華文媒體,MAIN,0,1
00686,686.HK,北京能源國際,MAIN,0,0
00687,687.HK,泰昇集團,MAIN,0,0
00688,688.HK,中國海外發展,MAIN,0,0
00689,689.HK,長盈集團（控股）,MAIN,0,1
00690,690.HK,聯康生物科技集團,MAIN,0,1
00691,691.HK,山水水泥,MAIN,0,0
00693,693.HK,陳唱國際,MAIN,0,0
00694,694.HK,北京首都機場股份,MAIN,0,0
00695,695.HK,東吳水泥,MAIN,0,0
00696,696.HK,中國民航信息網絡,MAIN,0,0
00697,697.HK,首程控股,MAIN,0,0
00698,698.HK,通達集團,MAIN,0,1
00699,699.HK,均勝電子,MAIN,0,0
00700,700.HK,騰訊控股,MAIN,0,0
00701,701.HK,CNT GROUP,MAIN,0,1
00702,702.HK,中國油氣控股,MAIN,0,1
00703,703.HK,FUTURE BRIGHT,MAIN,0,1
00704,704.HK,和嘉控股,MAIN,0,1
00707,707.HK,亞洲電視控股,MAIN,0,1
00708,708.HK,恒大汽車,MAIN,0,0
00709,709.HK,佐丹奴國際,MAIN,0,0
00710,710.HK,京東方精電,MAIN,0,0
00711,711.HK,亞洲聯合基建控股,MAIN,0,1
00712,712.HK,卡姆丹克太陽能,MAIN,0,1
00713,713.HK,世界（集團）,MAIN,0,1
00716,716.HK,勝獅貨櫃,MAIN,0,0
00717,717.HK,英皇資本,MAIN,0,1
00718,718.HK,太和控股,MAIN,0,1
00719,719.HK,山東新華製藥股份,MAIN,0,0
00720,720.HK,意達利控股,MAIN,0,0
00721,721.HK,中國金融國際,MAIN,0,1
00722,722.HK,聯合醫務,MAIN,0,1
00723,723.HK,信保環球控股,MAIN,0,1
00725,725.HK,恆都集團,MAIN,0,1
00726,726.HK,築友智造科技,MAIN,0,1
00727,727.HK,中國豐滙,MAIN,0,1
00728,728.HK,中國電信,MAIN,0,0
00730,730.HK,首惠產業金融,MAIN,0,1
00731,731.HK,建發新勝,MAIN,0,1
00732,732.HK,信利國際,MAIN,0,0
00733,733.HK,合富輝煌,MAIN,0,1
00736,736.HK,中國置業投資,MAIN,0,1
00737,737.HK,灣區發展,MAIN,0,0
00738,738.HK,萊爾斯丹,MAIN,0,1
00743,743.HK,亞洲水泥（中國）,MAIN,0,0
00745,745.HK,中國國家文化產業,MAIN,0,0
00746,746.HK,理文化工,MAIN,0,0
00747,747.HK,瀋陽公用發展股份,MAIN,0,1
00750,750.HK,水發興業能源,MAIN,0,1
00751,751.HK,創維集團,MAIN,0,0
00752,752.HK,PICO FAR EAST,MAIN,0,0
00753,753.HK,中國國航,MAIN,0,0
00754,754.HK,合生創展集團,MAIN,0,0
00755,755.HK,大方廣瑞德,MAIN,0,1
00756,756.HK,森美控股,MAIN,0,1
00757,757.HK,陽光能源,MAIN,0,1
00759,759.HK,CEC INT'L HOLD,MAIN,0,1
00760,760.HK,新天地產集團,MAIN,0,1
00762,762.HK,中國聯通,MAIN,0,0
00763,763.HK,中興通訊,MAIN,0,0
00764,764.HK,永恒策略,MAIN,0,1
00765,765.HK,PERFECTECH INTL,MAIN,0,1
00767,767.HK,中基長壽科學,MAIN,0,1
00768,768.HK,開明投資,MAIN,0,1
00769,769.HK,中國稀土,MAIN,0,0
00770,770.HK,SHANGHAI GROWTH,MAIN,0,1
00771,771.HK,自動系統,MAIN,0,1
00772,772.HK,閱文集團,MAIN,0,0
00775,775.HK,長江生命科技,MAIN,0,0
00776,776.HK,帝國科技集團,MAIN,0,1
00777,777.HK,網龍,MAIN,0,0
00778,778.HK,置富產業信託,MAIN,1,0
00780,780.HK,同程旅行,MAIN,0,0
00784,784.HK,愛生命國際,MAIN,0,1
00788,788.HK,中國鐵塔,MAIN,0,0
00789,789.HK,雅天妮集團,MAIN,0,1
00794,794.HK,錦勝集團（控股）,MAIN,0,1
00797,797.HK,第七大道,MAIN,0,0
00798,798.HK,中電光谷,MAIN,0,0
00799,799.HK,IGG,MAIN,0,0
00800,800.HK,文遠知行－Ｗ,MAIN,0,0
00804,804.HK,鼎石資本,MAIN,0,0
00805,805.HK,新吉奧房車,MAIN,0,0
00806,806.HK,惠理集團,MAIN,0,0
00807,807.HK,上海實業環境,MAIN,0,0
00808,808.HK,泓富產業信託,MAIN,1,0
00809,809.HK,大成生化科技,MAIN,0,1
00810,810.HK,中國鑄晨８１,MAIN,0,1
00811,811.HK,新華文軒,MAIN,0,0
00813,813.HK,世茂集團,MAIN,0,1
00814,814.HK,北京京客隆,MAIN,0,1
00815,815.HK,中國白銀集團,MAIN,0,0
00816,816.HK,金茂服務,MAIN,0,0
00817,817.HK,中國金茂,MAIN,0,0
00818,818.HK,高陽科技,MAIN,0,1
00819,819.HK,天能動力,MAIN,0,0
00821,821.HK,匯盈控股,MAIN,0,1
00822,822.HK,嘉瑞國際,MAIN,0,1
00823,823.HK,領展房產基金,MAIN,0,0
00825,825.HK,新世界百貨中國,MAIN,0,1
00826,826.HK,天工國際,MAIN,0,0
00827,827.HK,玖源集團,MAIN,0,1
00828,828.HK,王朝酒業,MAIN,0,1
00829,829.HK,神冠控股,MAIN,0,1
00830,830.HK,中國建築興業,MAIN,0,0
00831,831.HK,利亞零售,MAIN,0,1
00832,832.HK,建業地產,MAIN,0,1
00833,833.HK,華訊,MAIN,0,1
00834,834.HK,盛融控股,MAIN,0,1
00836,836.HK,華潤電力,MAIN,0,0
00837,837.HK,譚木匠,MAIN,0,0
00838,838.HK,億和控股,MAIN,0,0
00839,839.HK,中教控股,MAIN,0,0
00840,840.HK,天業節水,MAIN,0,1
00841,841.HK,木薯資源,MAIN,0,1
00842,842.HK,理士國際,MAIN,0,0
00844,844.HK,廣泰國際控股,MAIN,0,1
00845,845.HK,恒盛地產,MAIN,0,1
00846,846.HK,明發集團,MAIN,0,1
00848,848.HK,茂業國際,MAIN,0,1
00851,851.HK,盛源控股,MAIN,0,1
00852,852.HK,海峽石油化工,MAIN,0,1
00853,853.HK,微創醫療,MAIN,0,0
00854,854.HK,威雅利,MAIN,0,1
00855,855.HK,中國水務,MAIN,0,0
00856,856.HK,偉仕佳杰,MAIN,0,0
00857,857.HK,中國石油股份,MAIN,0,0
00858,858.HK,精優藥業,MAIN,0,1
00859,859.HK,中昌國際控股,MAIN,0,1
00860,860.HK,ＡＰＯＬＬＯ出行,MAIN,0,1
00861,861.HK,神州控股,MAIN,0,0
00862,862.HK,遠見控股,MAIN,0,1
00863,863.HK,ＯＳＬ集團,MAIN,0,0
00864,864.HK,永利地產發展,MAIN,0,1
00865,865.HK,建德國際控股,MAIN,0,1
00866,866.HK,中國秦發,MAIN,0,0
00867,867.HK,康哲藥業,MAIN,0,0
00868,868.HK,信義玻璃,MAIN,0,0
00869,869.HK,彩星玩具,MAIN,0,1
00871,871.HK,中國疏浚環保,MAIN,0,1
00873,873.HK,世茂服務,MAIN,0,1
00874,874.HK,白雲山,MAIN,0,0
00875,875.HK,從玉智農,MAIN,0,1
00876,876.HK,佳兆業健康,MAIN,0,1
00878,878.HK,金朝陽集團,MAIN,0,0
00880,880.HK,澳博控股,MAIN,0,0
00881,881.HK,中升控股,MAIN,0,0
00882,882.HK,天津發展,MAIN,0,0
00883,883.HK,中國海洋石油,MAIN,0,0
00884,884.HK,旭輝控股集團,MAIN,0,1
00887,887.HK,英皇鐘錶珠寶,MAIN,0,0
00888,888.HK,鏈信控股,MAIN,0,1
00889,889.HK,連達科技控股,MAIN,0,1
00893,893.HK,中國鐵鈦,MAIN,0,1
00894,894.HK,萬裕科技,MAIN,0,1
00895,895.HK,東江環保,MAIN,0,1
00896,896.HK,興勝創建,MAIN,0,1
00897,897.HK,位元堂,MAIN,0,1
00898,898.HK,萬事昌國際,MAIN,0,1
00899,899.HK,中加國信,MAIN,0,1
00900,900.HK,AEON CREDIT,MAIN,0,0
00901,901.HK,華曦達,MAIN,0,0
00902,902.HK,華能國際電力股份,MAIN,0,0
00905,905.HK,胡桃資本,MAIN,0,1
00907,907.HK,高雅光學,MAIN,0,1
00909,909.HK,明源雲,MAIN,0,0
00910,910.HK,中國三迪,MAIN,0,1
00911,911.HK,前海健康,MAIN,0,1
00912,912.HK,信佳國際,MAIN,0,1
00913,913.HK,港灣數字,MAIN,0,1
00914,914.HK,海螺水泥,MAIN,0,0
00915,915.HK,道和環球,MAIN,0,1
00916,916.HK,龍源電力,MAIN,0,0
00917,917.HK,趣致集團,MAIN,0,0
00918,918.HK,龍翼航空科技,MAIN,0,0
00919,919.HK,現代健康科技,MAIN,0,1
00921,921.HK,海信家電,MAIN,0,0
00922,922.HK,安賢園中國,MAIN,0,1
00923,923.HK,綜合環保集團,MAIN,0,1
00924,924.HK,坤集團,MAIN,0,1
00926,926.HK,碧生源,MAIN,0,1
00927,927.HK,富士高實業,MAIN,0,1
00928,928.HK,帝王國際投資,MAIN,0,1
00929,929.HK,國際精密,MAIN,0,1
00931,931.HK,中國港能,MAIN,0,0
00932,932.HK,順騰國際控股,MAIN,0,1
00933,933.HK,非凡領越,MAIN,0,0
00934,934.HK,中石化冠德,MAIN,0,0
00936,936.HK,佳兆業資本,MAIN,0,1
00938,938.HK,民生國際,MAIN,0,1
00939,939.HK,建設銀行,MAIN,0,0
00941,941.HK,中國移動,MAIN,0,0
00943,943.HK,中證國際,MAIN,0,1
00945,945.HK,宏利金融－Ｓ,MAIN,0,0
00947,947.HK,摩比發展,MAIN,0,1
00948,948.HK,阿爾法企業,MAIN,0,1
00950,950.HK,李氏大藥廠,MAIN,0,1
00951,951.HK,超威動力,MAIN,0,0
00952,952.HK,華富建業金融,MAIN,0,1
00953,953.HK,邵氏兄弟控股,MAIN,0,1
00954,954.HK,常茂生物,MAIN,0,1
00956,956.HK,新天綠色能源,MAIN,0,0
00959,959.HK,世紀娛樂國際,MAIN,0,1
00960,960.HK,龍湖集團,MAIN,0,0
00966,966.HK,中國太平,MAIN,0,0
00968,968.HK,信義光能,MAIN,0,0
00969,969.HK,華聯國際,MAIN,0,1
00970,970.HK,新耀萊,MAIN,0,1
00974,974.HK,中國順客隆,MAIN,0,1
00975,975.HK,MONGOL MINING,MAIN,0,0
00976,976.HK,齊合環保,MAIN,0,1
00978,978.HK,招商局置地,MAIN,0,0
00979,979.HK,綠色能源科技集團,MAIN,0,1
00980,980.HK,聯華超市,MAIN,0,1
00981,981.HK,中芯國際,MAIN,0,0
00983,983.HK,瑞安建業,MAIN,0,1
00984,984.HK,永旺,MAIN,0,1
00986,986.HK,杜甫酒業集團,MAIN,0,1
00987,987.HK,中國再生能源投資,MAIN,0,1
00989,989.HK,中國長白山國際,MAIN,0,1
00990,990.HK,至源控股,MAIN,0,0
00991,991.HK,大唐發電,MAIN,0,0
00992,992.HK,聯想集團,MAIN,0,0
00993,993.HK,信控國際資本,MAIN,0,1
00994,994.HK,中天宏信,MAIN,0,1
00995,995.HK,安徽皖通高速公路,MAIN,0,0
00997,997.HK,普匯中金國際,MAIN,0,1
00998,998.HK,中信銀行,MAIN,0,0
00999,999.HK,小菜園,MAIN,0,0
01000,1000.HK,北青傳媒,MAIN,0,1
01001,1001.HK,滬港聯合,MAIN,0,1
01002,1002.HK,威鋮國際,MAIN,0,1
01003,1003.HK,歡喜傳媒,MAIN,0,1
01004,1004.HK,中國智慧能源,MAIN,0,1
01005,1005.HK,MATRIX HOLDINGS,MAIN,0,1
01007,1007.HK,龍輝國際控股,MAIN,0,1
01008,1008.HK,力圖控股,MAIN,0,1
01009,1009.HK,國際娛樂,MAIN,0,0
01010,1010.HK,天璽曜１１,MAIN,0,1
01011,1011.HK,泰凌醫藥,MAIN,0,1
01013,1013.HK,偉俊集團控股,MAIN,0,1
01020,1020.HK,中細軟科技,MAIN,0,0
01021,1021.HK,華沿機器人,MAIN,0,0
01022,1022.HK,飛魚科技,MAIN,0,1
01023,1023.HK,時代集團控股,MAIN,0,1
01024,1024.HK,快手－Ｗ,MAIN,0,0
01025,1025.HK,嘉藝控股,MAIN,0,1
01026,1026.HK,環球實業科技,MAIN,0,1
01027,1027.HK,亞洲策略科技,MAIN,0,0
01028,1028.HK,千百度,MAIN,0,0
01029,1029.HK,鐵貨,MAIN,0,1
01030,1030.HK,新城發展,MAIN,0,0
01033,1033.HK,中石化油服,MAIN,0,0
01036,1036.HK,萬科海外,MAIN,0,1
01037,1037.HK,雲智匯科技,MAIN,0,1
01038,1038.HK,長江基建集團,MAIN,0,0
01039,1039.HK,暢由國際集團,MAIN,0,1
01044,1044.HK,恒安國際,MAIN,0,0
01045,1045.HK,亞太衛星,MAIN,0,0
01046,1046.HK,寰宇娛樂文化,MAIN,0,1
01047,1047.HK,毅興行,MAIN,0,1
01049,1049.HK,時富投資,MAIN,0,1
01050,1050.HK,嘉利國際,MAIN,0,0
01051,1051.HK,國際資源,MAIN,0,0
01052,1052.HK,越秀交通基建,MAIN,0,0
01053,1053.HK,重慶鋼鐵股份,MAIN,0,1
01055,1055.HK,中國南方航空股份,MAIN,0,0
01057,1057.HK,浙江世寶,MAIN,0,1
01058,1058.HK,南粵控股,MAIN,0,1
01059,1059.HK,看通集團,MAIN,0,1
01060,1060.HK,大麥娛樂,MAIN,0,0
01061,1061.HK,億勝生物科技,MAIN,0,0
01062,1062.HK,國開國際投資,MAIN,0,1
01063,1063.HK,新確科技,MAIN,0,1
01064,1064.HK,中華國際,MAIN,0,1
01065,1065.HK,天津創業環保股份,MAIN,0,0
01066,1066.HK,威高股份,MAIN,0,0
01068,1068.HK,雨潤食品,MAIN,0,1
01069,1069.HK,中國健康科技集團,MAIN,0,1
01070,1070.HK,ＴＣＬ電子,MAIN,0,0
01071,1071.HK,華電國際電力股份,MAIN,0,0
01072,1072.HK,東方電氣,MAIN,0,0
01073,1073.HK,大禹金融,MAIN,0,1
01075,1075.HK,首都信息,MAIN,0,1
01079,1079.HK,松景科技,MAIN,0,1
01080,1080.HK,勝利管道,MAIN,0,1
01081,1081.HK,大金重工,MAIN,0,0
01082,1082.HK,源宇宙教育,MAIN,0,1
01083,1083.HK,港華智慧能源,MAIN,0,0
01084,1084.HK,綠新生物科技,MAIN,0,1
01085,1085.HK,亨鑫科技,MAIN,0,1
01086,1086.HK,好孩子國際,MAIN,0,0
01087,1087.HK,威訊控股,MAIN,0,1
01088,1088.HK,中國神華,MAIN,0,0
01090,1090.HK,大明國際,MAIN,0,1
01091,1091.HK,南方錳業,MAIN,0,0
01093,1093.HK,石藥集團,MAIN,0,0
01094,1094.HK,承輝國際,MAIN,0,1
01097,1097.HK,周大福媒體娛樂,MAIN,0,1
01098,1098.HK,路勁,MAIN,0,1
01099,1099.HK,國藥控股,MAIN,0,0
01100,1100.HK,飛達控股,MAIN,0,1
01101,1101.HK,華榮能源,MAIN,0,1
01102,1102.HK,環能國際,MAIN,0,1
01104,1104.HK,亞太資源,MAIN,0,0
01105,1105.HK,星島,MAIN,0,1
01107,1107.HK,當代置業,MAIN,0,1
01108,1108.HK,凱盛新能,MAIN,0,1
01109,1109.HK,華潤置地,MAIN,0,0
01110,1110.HK,金活醫藥集團,MAIN,0,1
01111,1111.HK,華視集團控股,MAIN,0,1
01112,1112.HK,Ｈ＆Ｈ國際控股,MAIN,0,0
01113,1113.HK,長實集團,MAIN,0,0
01114,1114.HK,BRILLIANCE CHI,MAIN,0,0
01115,1115.HK,５１００藏冰川,MAIN,0,0
01116,1116.HK,慧源同創科技,MAIN,0,1
01117,1117.HK,現代牧業,MAIN,0,0
01118,1118.HK,高力集團,MAIN,0,1
01119,1119.HK,創夢天地,MAIN,0,1
01120,1120.HK,雅視光學,MAIN,0,1
01121,1121.HK,金陽新能源,MAIN,0,1
01122,1122.HK,慶鈴汽車股份,MAIN,0,1
01123,1123.HK,中港照相,MAIN,0,1
01124,1124.HK,沿海家園,MAIN,0,1
01125,1125.HK,麗豐控股,MAIN,0,1
01126,1126.HK,德林國際,MAIN,0,0
01127,1127.HK,獅子山集團,MAIN,0,1
01128,1128.HK,永利澳門,MAIN,0,0
01129,1129.HK,中國水業集團,MAIN,0,1
01130,1130.HK,中國環境資源,MAIN,0,1
01132,1132.HK,橙天嘉禾,MAIN,0,1
01133,1133.HK,哈爾濱電氣,MAIN,0,0
01134,1134.HK,恒發光學,MAIN,0,1
01137,1137.HK,香港科技探索,MAIN,0,1
01138,1138.HK,中遠海能,MAIN,0,0
01140,1140.HK,華科智能投資,MAIN,0,0
01141,1141.HK,民銀資本,MAIN,0,1
01142,1142.HK,能源及能量環球,MAIN,0,0
01145,1145.HK,勇利投資,MAIN,0,1
01146,1146.HK,匯成國際控股,MAIN,0,1
01147,1147.HK,伊登軟件,MAIN,0,1
01148,1148.HK,新晨動力,MAIN,0,1
01150,1150.HK,米蘭站,MAIN,0,1
01152,1152.HK,正乾金融控股,MAIN,0,1
01153,1153.HK,佳源服務,MAIN,0,1
01156,1156.HK,CHINANEWENERGY,MAIN,0,1
01157,1157.HK,中聯重科,MAIN,0,0
01159,1159.HK,智數科技集團,MAIN,0,1
01160,1160.HK,金石資本集團,MAIN,0,1
01161,1161.HK,奧思集團,MAIN,0,1
01162,1162.HK,瑩嵐集團,MAIN,0,1
01163,1163.HK,虎視傳媒,MAIN,0,1
01164,1164.HK,中廣核礦業,MAIN,0,0
01165,1165.HK,順風清潔能源,MAIN,0,1
01166,1166.HK,星凱控股,MAIN,0,1
01167,1167.HK,加科思－Ｂ,MAIN,0,0
01168,1168.HK,Z FIN,MAIN,0,0
01170,1170.HK,信星集團,MAIN,0,1
01171,1171.HK,兗礦能源,MAIN,0,0
01172,1172.HK,融太集團,MAIN,0,1
01173,1173.HK,威高國際,MAIN,0,1
01176,1176.HK,珠光控股,MAIN,0,1
01177,1177.HK,中國生物製藥,MAIN,0,0
01179,1179.HK,華住集團－Ｓ,MAIN,0,0
01180,1180.HK,匯彩控股,MAIN,0,1
01181,1181.HK,唐宮中國,MAIN,0,1
01182,1182.HK,勝龍國際,MAIN,0,1
01183,1183.HK,澳能建設,MAIN,0,1
01184,1184.HK,S.A.S. DRAGON,MAIN,0,0
01186,1186.HK,中國鐵建,MAIN,0,0
01187,1187.HK,可孚醫療,MAIN,0,1
01188,1188.HK,正道集團,MAIN,0,1
01191,1191.HK,海光芯正,MAIN,0,0
01193,1193.HK,華潤燃氣,MAIN,0,0
01195,1195.HK,京維集團,MAIN,0,1
01196,1196.HK,偉祿科技股份,MAIN,0,0
01198,1198.HK,皇朝家居,MAIN,0,1
01199,1199.HK,中遠海運港口,MAIN,0,0
01200,1200.HK,美聯集團,MAIN,0,0
01201,1201.HK,天臣控股,MAIN,0,1
01202,1202.HK,四威科技,MAIN,0,1
01203,1203.HK,廣南（集團）,MAIN,0,1
01204,1204.HK,博維智慧,MAIN,0,1
01205,1205.HK,中信資源,MAIN,0,0
01206,1206.HK,同方泰德,MAIN,0,1
01208,1208.HK,五礦資源,MAIN,0,0
01209,1209.HK,華潤萬象生活,MAIN,0,0
01211,1211.HK,比亞迪股份,MAIN,0,0
01213,1213.HK,萬保剛集團,MAIN,0,1
01215,1215.HK,開源控股,MAIN,0,1
01216,1216.HK,中原銀行,MAIN,0,0
01217,1217.HK,中國創新投資,MAIN,0,1
01218,1218.HK,永義國際,MAIN,0,1
01220,1220.HK,志道國際,MAIN,0,1
01221,1221.HK,SINO HOTELS,MAIN,0,0
01222,1222.HK,WANG ON GROUP,MAIN,0,1
01223,1223.HK,新灃集團,MAIN,0,0
01224,1224.HK,中渝置地,MAIN,0,0
01225,1225.HK,隆成金融,MAIN,0,1
01226,1226.HK,中國投融資,MAIN,0,1
01228,1228.HK,北海康成－Ｂ,MAIN,0,0
01229,1229.HK,南南資源,MAIN,0,1
01231,1231.HK,新礦資源,MAIN,0,0
01232,1232.HK,金輪天地控股,MAIN,0,1
01233,1233.HK,時代中國控股,MAIN,0,1
01234,1234.HK,中國利郎,MAIN,0,0
01235,1235.HK,專業旅運,MAIN,0,1
01236,1236.HK,樂動機器人,MAIN,0,0
01237,1237.HK,中科生物,MAIN,0,1
01238,1238.HK,寶龍地產,MAIN,0,1
01239,1239.HK,TEAMWAY INTL GP,MAIN,0,1
01240,1240.HK,青建國際,MAIN,0,1
01241,1241.HK,雙樺控股,MAIN,0,1
01243,1243.HK,宏安地產,MAIN,0,1
01244,1244.HK,思路迪醫藥股份,MAIN,0,1
01245,1245.HK,NIRAKU,MAIN,0,1
01247,1247.HK,米格國際控股,MAIN,0,1
01250,1250.HK,山高新能源,MAIN,0,0
01251,1251.HK,華油能源,MAIN,0,1
01252,1252.HK,中國天瑞水泥,MAIN,0,1
01253,1253.HK,綠博生態,MAIN,0,1
01255,1255.HK,ＴＡＴＡ健康,MAIN,0,1
01257,1257.HK,中國光大綠色環保,MAIN,0,0
01258,1258.HK,中國有色礦業,MAIN,0,0
01259,1259.HK,未來發展控股,MAIN,0,1
01260,1260.HK,皓天財經集團,MAIN,0,1
01262,1262.HK,蠟筆小新食品,MAIN,0,1
01265,1265.HK,天津津燃公用,MAIN,0,1
01268,1268.HK,美東汽車,MAIN,0,1
01269,1269.HK,首控集團,MAIN,0,1
01270,1270.HK,朗廷－ＳＳ,MAIN,0,0
01271,1271.HK,佳明集團控股,MAIN,0,1
01272,1272.HK,大唐環境,MAIN,0,1
01273,1273.HK,香港信貸,MAIN,0,1
01274,1274.HK,知行科技,MAIN,0,1
01276,1276.HK,恒瑞醫藥,MAIN,0,0
01277,1277.HK,力量發展,MAIN,0,0
01278,1278.HK,中國新城鎮,MAIN,0,1
01280,1280.HK,奇點國峰,MAIN,0,0
01281,1281.HK,鑫達投資控股,MAIN,0,1
01282,1282.HK,中澤豐,MAIN,0,1
01283,1283.HK,高陞集團控股,MAIN,0,0
01284,1284.HK,新傳企劃,MAIN,0,1
01285,1285.HK,嘉士利集團,MAIN,0,1
01286,1286.HK,鷹普精密,MAIN,0,0
01288,1288.HK,農業銀行,MAIN,0,0
01289,1289.HK,盛力達科技,MAIN,0,1
01290,1290.HK,中國匯融,MAIN,0,1
01292,1292.HK,長安民生物流,MAIN,0,1
01293,1293.HK,廣匯寶信,MAIN,0,1
01298,1298.HK,雲能國際,MAIN,0,1
01299,1299.HK,友邦保險,MAIN,0,0
01300,1300.HK,俊知集團,MAIN,0,0
01301,1301.HK,德基科技控股,MAIN,0,1
01302,1302.HK,先健科技,MAIN,0,0
01303,1303.HK,滙力資源,MAIN,0,1
01304,1304.HK,FORTIOR,MAIN,0,0
01305,1305.HK,偉志控股,MAIN,0,1
01308,1308.HK,海豐國際,MAIN,0,0
01310,1310.HK,香港寬頻,MAIN,0,0
01312,1312.HK,華控康泰,MAIN,0,1
01313,1313.HK,華潤建材科技,MAIN,0,0
01314,1314.HK,翠華控股,MAIN,0,1
01315,1315.HK,綠色經濟,MAIN,0,1
01316,1316.HK,耐世特,MAIN,0,0
01317,1317.HK,楓葉教育,MAIN,0,1
01318,1318.HK,毛戈平,MAIN,0,0
01319,1319.HK,靄華押業信貸,MAIN,0,1
01321,1321.HK,中國新城市,MAIN,0,0
01323,1323.HK,華盛國際控股,MAIN,0,1
01326,1326.HK,傳遞娛樂,MAIN,0,1
01327,1327.HK,勵時集團,MAIN,0,1
01328,1328.HK,金涌投資,MAIN,0,1
01330,1330.HK,綠色動力環保,MAIN,0,0
01332,1332.HK,透雲生物,MAIN,0,1
01333,1333.HK,博雷頓,MAIN,0,0
01334,1334.HK,瑞昌國際控股,MAIN,0,1
01335,1335.HK,順泰控股,MAIN,0,1
01336,1336.HK,新華保險,MAIN,0,0
01338,1338.HK,霸王集團,MAIN,0,1
01339,1339.HK,中國人民保險集團,MAIN,0,0
01340,1340.HK,惠生國際,MAIN,0,1
01341,1341.HK,昊天國際建投,MAIN,0,1
01343,1343.HK,偉源控股,MAIN,0,1
01345,1345.HK,上海先鋒控股,MAIN,0,0
01346,1346.HK,利華控股集團,MAIN,0,1
01347,1347.HK,華虹宏力,MAIN,0,0
01348,1348.HK,滉達富控股,MAIN,0,1
01349,1349.HK,復旦張江,MAIN,0,1
01351,1351.HK,輝煌明天,MAIN,0,1
01354,1354.HK,經發物業,MAIN,0,1
01355,1355.HK,生物系統工程,MAIN,0,1
01357,1357.HK,美圖公司,MAIN,0,0
01358,1358.HK,普華和順,MAIN,0,0
01359,1359.HK,中國信達,MAIN,0,0
01361,1361.HK,３６１度,MAIN,0,0
01362,1362.HK,新龍移動,MAIN,0,1
01364,1364.HK,古茗,MAIN,0,0
01368,1368.HK,特步國際,MAIN,0,0
01370,1370.HK,奧威控股,MAIN,0,1
01371,1371.HK,中國生態旅遊,MAIN,0,1
01372,1372.HK,中國碳中和,MAIN,0,0
01373,1373.HK,國際家居零售,MAIN,0,1
01375,1375.HK,中州證券,MAIN,0,0
01376,1376.HK,RAFFLESINTERIOR,MAIN,0,1
01377,1377.HK,鼎泰高科,MAIN,0,0
01378,1378.HK,中國宏橋,MAIN,0,0
01379,1379.HK,温嶺工量刃具,MAIN,0,1
01380,1380.HK,中國金石,MAIN,0,1
01382,1382.HK,互太紡織,MAIN,0,0
01384,1384.HK,滴普科技,MAIN,0,0
01385,1385.HK,上海復旦,MAIN,0,0
01388,1388.HK,安莉芳控股,MAIN,0,1
01389,1389.HK,美捷滙控股,MAIN,0,1
01392,1392.HK,海清智元,MAIN,0,0
01393,1393.HK,恒鼎實業,MAIN,0,1
01395,1395.HK,強泰環保,MAIN,0,1
01396,1396.HK,粵港灣智算,MAIN,0,0
01397,1397.HK,碧瑤綠色集團,MAIN,0,1
01398,1398.HK,工商銀行,MAIN,0,0
01399,1399.HK,銳信控股,MAIN,0,1
01400,1400.HK,滿地科技股份,MAIN,0,1
01401,1401.HK,未來機器有限公司,MAIN,0,1
01402,1402.HK,超智能控股,MAIN,0,1
01405,1405.HK,達勢股份,MAIN,0,0
01406,1406.HK,清晰醫療,MAIN,0,1
01407,1407.HK,交運燃氣,MAIN,0,1
01408,1408.HK,濠江機電,MAIN,0,1
01410,1410.HK,安領國際,MAIN,0,1
01412,1412.HK,雋思集團,MAIN,0,1
01413,1413.HK,鑄帝控股,MAIN,0,1
01415,1415.HK,高偉電子,MAIN,0,0
01416,1416.HK,CTR HOLDINGS,MAIN,0,1
01417,1417.HK,浦江中國,MAIN,0,0
01418,1418.HK,盛諾集團,MAIN,0,1
01419,1419.HK,盈健醫療,MAIN,0,1
01420,1420.HK,川控股,MAIN,0,1
01421,1421.HK,恒昌集團國際,MAIN,0,1
01425,1425.HK,捷隆控股,MAIN,0,1
01426,1426.HK,春泉產業信託,MAIN,1,0
01427,1427.HK,中國天保集團,MAIN,0,1
01428,1428.HK,耀才證券金融,MAIN,0,0
01429,1429.HK,天任集團,MAIN,0,1
01431,1431.HK,原生態牧業,MAIN,0,0
01432,1432.HK,中國聖牧－ＰＦ,MAIN,0,0
01433,1433.HK,常達控股,MAIN,0,1
01440,1440.HK,應星控股,MAIN,0,0
01442,1442.HK,鷹輝物流,MAIN,0,1
01443,1443.HK,富臨集團控股,MAIN,0,1
01446,1446.HK,鴻福堂,MAIN,0,1
01447,1447.HK,新福港,MAIN,0,1
01448,1448.HK,福壽園,MAIN,0,0
01449,1449.HK,立德教育,MAIN,0,0
01450,1450.HK,交個朋友控股,MAIN,0,0
01451,1451.HK,萬成集團股份,MAIN,0,1
01452,1452.HK,迪諾斯環保,MAIN,0,1
01455,1455.HK,科利實業控股,MAIN,0,1
01456,1456.HK,國聯民生,MAIN,0,0
01458,1458.HK,周黑鴨,MAIN,0,0
01459,1459.HK,巨匠建設,MAIN,0,1
01460,1460.HK,揚科集團,MAIN,0,1
01461,1461.HK,中泰期貨,MAIN,0,1
01463,1463.HK,C-LINK SQ,MAIN,0,0
01466,1466.HK,佰金生命科學,MAIN,0,1
01468,1468.HK,嘉高達資本,MAIN,0,1
01470,1470.HK,富一國際控股,MAIN,0,1
01471,1471.HK,眾淼控股,MAIN,0,1
01472,1472.HK,生興控股,MAIN,0,1
01473,1473.HK,環聯連訊,MAIN,0,0
01475,1475.HK,日清食品,MAIN,0,0
01476,1476.HK,金融街證券,MAIN,0,1
01477,1477.HK,歐康維視生物－Ｂ,MAIN,0,0
01478,1478.HK,丘鈦科技,MAIN,0,0
01480,1480.HK,恩達集團控股,MAIN,0,1
01481,1481.HK,竣球控股,MAIN,0,0
01483,1483.HK,網譽科技,MAIN,0,1
01486,1486.HK,思城控股,MAIN,0,1
01488,1488.HK,百福控股,MAIN,0,0
01489,1489.HK,GC CONSTRUCTION,MAIN,0,0
01490,1490.HK,AI X TECH,MAIN,0,1
01496,1496.HK,亞積邦租賃,MAIN,0,1
01497,1497.HK,燕之屋,MAIN,0,0
01498,1498.HK,培力農本方,MAIN,0,1
01499,1499.HK,歐科雲鏈,MAIN,0,1
01500,1500.HK,現恆建築,MAIN,0,1
01501,1501.HK,瑛泰醫療,MAIN,0,0
01502,1502.HK,金融街物業,MAIN,0,1
01503,1503.HK,招商局商業房託,MAIN,1,0
01508,1508.HK,中國再保險,MAIN,0,0
01511,1511.HK,馭勢科技,MAIN,0,0
01513,1513.HK,麗珠醫藥,MAIN,0,0
01515,1515.HK,華潤醫療,MAIN,0,0
01516,1516.HK,融創服務,MAIN,0,0
01518,1518.HK,新世紀醫療,MAIN,0,1
01519,1519.HK,極兔速遞－Ｗ,MAIN,0,0
01520,1520.HK,天機控股,MAIN,0,1
01521,1521.HK,方達控股,MAIN,0,0
01522,1522.HK,京投交通科技,MAIN,0,1
01523,1523.HK,珩灣科技,MAIN,0,0
01525,1525.HK,建橋教育,MAIN,0,0
01526,1526.HK,瑞慈醫療,MAIN,0,0
01527,1527.HK,天潔環境,MAIN,0,1
01528,1528.HK,紅星美凱龍,MAIN,0,1
01529,1529.HK,樂氏國際控股,MAIN,0,1
01530,1530.HK,三生製藥,MAIN,0,0
01532,1532.HK,中國派對文化,MAIN,0,1
01536,1536.HK,煜榮集團,MAIN,0,1
01538,1538.HK,中奧到家,MAIN,0,1
01539,1539.HK,知行集團控股,MAIN,0,0
01540,1540.HK,澳獅環球,MAIN,0,1
01541,1541.HK,宜明昂科－Ｂ,MAIN,0,0
01542,1542.HK,台州水務,MAIN,0,1
01543,1543.HK,中盈盛達融資擔保,MAIN,0,1
01545,1545.HK,設計都會,MAIN,0,1
01546,1546.HK,德萊建業,MAIN,0,1
01547,1547.HK,IBI GROUP HLDGS,MAIN,0,1
01548,1548.HK,金斯瑞生物科技,MAIN,0,0
01549,1549.HK,永豐集團控股,MAIN,0,1
01551,1551.HK,廣州農商銀行,MAIN,0,0
01552,1552.HK,BHCC HOLDING,MAIN,0,1
01553,1553.HK,邁科管業,MAIN,0,1
01555,1555.HK,ＭＩ能源,MAIN,0,1
01556,1556.HK,建業建榮,MAIN,0,1
01557,1557.HK,劍虹集團控股,MAIN,0,1
01559,1559.HK,均安控股,MAIN,0,1
01560,1560.HK,星星集團,MAIN,0,1
01561,1561.HK,聯洋智能控股,MAIN,0,1
01563,1563.HK,友聯國際教育租賃,MAIN,0,1
01565,1565.HK,成實外教育,MAIN,0,1
01566,1566.HK,華夏文化科技,MAIN,0,0
01568,1568.HK,承達集團,MAIN,0,0
01569,1569.HK,民生教育,MAIN,0,1
01570,1570.HK,偉業控股,MAIN,0,0
01571,1571.HK,信邦控股,MAIN,0,0
01572,1572.HK,中國藝術金融,MAIN,0,1
01575,1575.HK,皇庭智家,MAIN,0,1
01576,1576.HK,齊魯高速,MAIN,0,0
01577,1577.HK,匯鑫小貸,MAIN,0,1
01578,1578.HK,天津銀行,MAIN,0,0
01579,1579.HK,頤海國際,MAIN,0,0
01580,1580.HK,大森控股,MAIN,0,1
01581,1581.HK,進昇集團控股,MAIN,0,1
01582,1582.HK,華營建築,MAIN,0,1
01583,1583.HK,親親食品,MAIN,0,1
01585,1585.HK,雅迪控股,MAIN,0,0
01586,1586.HK,力鴻檢驗,MAIN,0,1
01587,1587.HK,欣融國際,MAIN,0,1
01588,1588.HK,暢捷通,MAIN,0,1
01591,1591.HK,汛和集團,MAIN,0,1
01592,1592.HK,基石控股,MAIN,0,1
01593,1593.HK,辰林教育,MAIN,0,0
01596,1596.HK,翼辰實業,MAIN,0,1
01597,1597.HK,納泉能源科技,MAIN,0,0
01598,1598.HK,２１世紀教育,MAIN,0,1
01599,1599.HK,城建設計,MAIN,0,1
01600,1600.HK,天倫燃氣,MAIN,0,0
01601,1601.HK,中關村科技租賃,MAIN,0,1
01606,1606.HK,國銀金租,MAIN,0,0
01608,1608.HK,偉能集團,MAIN,0,1
01609,1609.HK,天星醫療,MAIN,0,0
01610,1610.HK,中糧家佳康,MAIN,0,0
01611,1611.HK,新火集團,MAIN,0,0
01612,1612.HK,永勝醫療,MAIN,0,1
01613,1613.HK,協同通信,MAIN,0,0
01615,1615.HK,奧邦建築,MAIN,0,1
01616,1616.HK,一元宇宙,MAIN,0,1
01617,1617.HK,南方通信,MAIN,0,1
01618,1618.HK,中國中冶,MAIN,0,0
01620,1620.HK,富盈環球集團,MAIN,0,1
01621,1621.HK,域高國際控股,MAIN,0,1
01622,1622.HK,力高集團,MAIN,0,1
01623,1623.HK,海隆控股,MAIN,0,1
01626,1626.HK,嘉耀控股,MAIN,0,0
01627,1627.HK,安保工程控股,MAIN,0,1
01628,1628.HK,禹洲集團,MAIN,0,1
01629,1629.HK,冠均國際控股,MAIN,0,1
01630,1630.HK,建成控股,MAIN,0,1
01631,1631.HK,REF HOLDINGS,MAIN,0,1
01632,1632.HK,民商創科,MAIN,0,1
01633,1633.HK,上諭集團,MAIN,0,1
01635,1635.HK,大眾公用,MAIN,0,0
01636,1636.HK,中國金屬利用,MAIN,0,1
01637,1637.HK,順興集團控股,MAIN,0,1
01638,1638.HK,佳兆業集團,MAIN,0,1
01640,1640.HK,千循科技,MAIN,0,1
01641,1641.HK,紅星冷鏈,MAIN,0,1
01643,1643.HK,現代中藥集團,MAIN,0,1
01645,1645.HK,海納智能,MAIN,0,0
01647,1647.HK,雄岸科技,MAIN,0,1
01650,1650.HK,HYGIEIA GROUP,MAIN,0,1
01651,1651.HK,津上機床中國,MAIN,0,0
01652,1652.HK,福森藥業,MAIN,0,1
01653,1653.HK,MOS HOUSE,MAIN,0,1
01655,1655.HK,OKURA HOLDINGS,MAIN,0,1
01656,1656.HK,億仕登控股,MAIN,0,0
01657,1657.HK,樺欣控股,MAIN,0,0
01658,1658.HK,郵儲銀行,MAIN,0,0
01660,1660.HK,七元投資,MAIN,0,0
01661,1661.HK,中國前沿科技集團,MAIN,0,1
01662,1662.HK,義合控股,MAIN,0,1
01663,1663.HK,漢港控股,MAIN,0,1
01666,1666.HK,同仁堂科技,MAIN,0,0
01667,1667.HK,迪米生活控股,MAIN,0,1
01668,1668.HK,華南城,MAIN,0,0
01669,1669.HK,環球信貸集團,MAIN,0,1
01671,1671.HK,天保能源,MAIN,0,1
01672,1672.HK,歌禮製藥－Ｂ,MAIN,0,0
01673,1673.HK,華章科技,MAIN,0,1
01675,1675.HK,亞信科技,MAIN,0,0
01676,1676.HK,高地股份,MAIN,0,1
01679,1679.HK,瑞斯康集團,MAIN,0,1
01680,1680.HK,澳門勵駿,MAIN,0,1
01681,1681.HK,康臣葯業,MAIN,0,0
01682,1682.HK,杭品生活科技,MAIN,0,1
01683,1683.HK,曠逸國際,MAIN,0,1
01685,1685.HK,博耳電力,MAIN,0,1
01686,1686.HK,新意網集團,MAIN,0,0
01688,1688.HK,領益智造,MAIN,0,0
01689,1689.HK,華禧控股,MAIN,0,1
01690,1690.HK,立基工程控股,MAIN,0,1
01691,1691.HK,ＪＳ環球生活,MAIN,0,0
01692,1692.HK,登輝控股,MAIN,0,1
01693,1693.HK,璋利國際,MAIN,0,1
01695,1695.HK,椰豐集團,MAIN,0,1
01696,1696.HK,復銳醫療科技,MAIN,0,1
01697,1697.HK,山東國信,MAIN,0,1
01698,1698.HK,騰訊音樂－ＳＷ,MAIN,0,0
01701,1701.HK,途屹控股,MAIN,0,1
01702,1702.HK,東光化工,MAIN,0,0
01703,1703.HK,誼和股份,MAIN,0,1
01705,1705.HK,賓仕國際,MAIN,0,1
01707,1707.HK,致浩達控股,MAIN,0,1
01708,1708.HK,三寶科技,MAIN,0,1
01709,1709.HK,德林控股,MAIN,0,0
01710,1710.HK,致豐工業電子,MAIN,0,1
01711,1711.HK,歐化,MAIN,0,1
01712,1712.HK,龍資源,MAIN,0,0
01713,1713.HK,四川能投發展,MAIN,0,0
01715,1715.HK,智慧健康科技,MAIN,0,1
01716,1716.HK,毛記葵涌,MAIN,0,0
01717,1717.HK,澳優,MAIN,0,0
01718,1718.HK,宏基集團控股,MAIN,0,1
01719,1719.HK,中國通商集團,MAIN,0,1
01720,1720.HK,普天通信集團,MAIN,0,1
01721,1721.HK,FSM HOLDINGS,MAIN,0,1
01722,1722.HK,建鵬控股,MAIN,0,1
01723,1723.HK,恆月控股,MAIN,0,1
01725,1725.HK,中國技術集團,MAIN,0,1
01726,1726.HK,HKE HOLDINGS,MAIN,0,0
01727,1727.HK,河北建設,MAIN,0,1
01728,1728.HK,正通汽車,MAIN,0,0
01729,1729.HK,匯聚科技,MAIN,0,0
01731,1731.HK,其利工業集團,MAIN,0,1
01732,1732.HK,象興科技,MAIN,0,1
01733,1733.HK,易大宗,MAIN,0,0
01735,1735.HK,中環新能源,MAIN,0,0
01736,1736.HK,中國育兒網絡,MAIN,0,1
01737,1737.HK,亞洲實業集團,MAIN,0,1
01738,1738.HK,飛尚無煙煤,MAIN,0,1
01739,1739.HK,齊屹科技,MAIN,0,1
01740,1740.HK,新石文化,MAIN,0,1
01741,1741.HK,成志控股,MAIN,0,1
01742,1742.HK,HPC HOLDINGS,MAIN,0,1
01745,1745.HK,驢跡科技,MAIN,0,1
01746,1746.HK,萬順集團控股,MAIN,0,1
01747,1747.HK,HOME CONTROL,MAIN,0,0
01748,1748.HK,信源企業集團,MAIN,0,1
01749,1749.HK,杉杉品牌,MAIN,0,1
01750,1750.HK,全達電器集團控股,MAIN,0,1
01751,1751.HK,智算能建,MAIN,0,1
01752,1752.HK,澳洲成峰高教,MAIN,0,1
01753,1753.HK,兌吧,MAIN,0,1
01755,1755.HK,新城悅服務,MAIN,0,0
01756,1756.HK,中國科教產業,MAIN,0,1
01757,1757.HK,環球華商俱樂部,MAIN,0,0
01758,1758.HK,博駿教育,MAIN,0,1
01759,1759.HK,中油潔能控股,MAIN,0,1
01760,1760.HK,英恒科技,MAIN,0,0
01762,1762.HK,萬咖壹聯,MAIN,0,0
01763,1763.HK,中國同輻,MAIN,0,0
01765,1765.HK,希教國際控股,MAIN,0,0
01766,1766.HK,中國中車,MAIN,0,0
01767,1767.HK,TS WONDERS,MAIN,0,1
01768,1768.HK,鳴鳴很忙,MAIN,0,0
01769,1769.HK,思考樂教育,MAIN,0,1
01770,1770.HK,東方科脈,MAIN,0,0
01771,1771.HK,新豐泰集團,MAIN,0,1
01772,1772.HK,贛鋒鋰業,MAIN,0,0
01773,1773.HK,天立國際控股,MAIN,0,0
01775,1775.HK,精英匯集團,MAIN,0,1
01776,1776.HK,廣發証券,MAIN,0,0
01777,1777.HK,花樣年控股,MAIN,0,1
01778,1778.HK,彩生活,MAIN,0,1
01779,1779.HK,天辰生物－Ｂ,MAIN,0,0
01780,1780.HK,榮尊國際控股,MAIN,0,0
01782,1782.HK,國際商業數字技術,MAIN,0,0
01783,1783.HK,晉景新能,MAIN,0,0
01785,1785.HK,成都高速,MAIN,0,1
01786,1786.HK,鐵建裝備,MAIN,0,1
01787,1787.HK,山東黃金,MAIN,0,0
01788,1788.HK,國泰君安國際,MAIN,0,0
01789,1789.HK,愛康醫療,MAIN,0,0
01790,1790.HK,達力環保,MAIN,0,1
01792,1792.HK,CMON,MAIN,0,1
01793,1793.HK,偉工控股,MAIN,0,1
01795,1795.HK,亞東集團,MAIN,0,1
01796,1796.HK,中國數智科技,MAIN,0,1
01797,1797.HK,東方甄選,MAIN,0,0
01798,1798.HK,大唐新能源,MAIN,0,0
01799,1799.HK,新特能源,MAIN,0,0
01800,1800.HK,中國交通建設,MAIN,0,0
01801,1801.HK,信達生物,MAIN,0,0
01802,1802.HK,文業集團,MAIN,0,1
01803,1803.HK,北京體育文化,MAIN,0,1
01808,1808.HK,企展控股,MAIN,0,1
01809,1809.HK,浦林成山,MAIN,0,0
01810,1810.HK,小米集團－Ｗ,MAIN,0,0
01811,1811.HK,中廣核新能源,MAIN,0,0
01812,1812.HK,晨鳴紙業,MAIN,0,1
01813,1813.HK,合景泰富集團,MAIN,0,1
01815,1815.HK,珠峰黃金,MAIN,0,0
01816,1816.HK,中廣核電力,MAIN,0,0
01817,1817.HK,慕尚集團控股,MAIN,0,1
01818,1818.HK,招金礦業,MAIN,0,0
01820,1820.HK,濟豐包裝,MAIN,0,1
01822,1822.HK,中木國際,MAIN,0,1
01823,1823.HK,華昱高速,MAIN,0,1
01825,1825.HK,STERLING GP,MAIN,0,1
01826,1826.HK,豐展控股,MAIN,0,1
01827,1827.HK,卓珈控股,MAIN,0,1
01828,1828.HK,富衛集團,MAIN,0,0
01830,1830.HK,完美醫療,MAIN,0,0
01831,1831.HK,十方控股,MAIN,0,1
01832,1832.HK,海天地悅旅,MAIN,0,1
01833,1833.HK,平安好醫生,MAIN,0,0
01835,1835.HK,瑞威資管,MAIN,0,1
01836,1836.HK,九興控股,MAIN,0,0
01837,1837.HK,五谷磨房,MAIN,0,0
01841,1841.HK,優越集團控股,MAIN,0,1
01842,1842.HK,植華集團,MAIN,0,1
01843,1843.HK,快餐帝國,MAIN,0,1
01845,1845.HK,維港環保科技,MAIN,0,1
01846,1846.HK,德視佳,MAIN,0,1
01847,1847.HK,雲南建投混凝土,MAIN,0,1
01848,1848.HK,中國飛機租賃,MAIN,0,0
01849,1849.HK,秀商時代控股,MAIN,0,1
01850,1850.HK,美好生活集團控股,MAIN,0,1
01851,1851.HK,銀杏教育,MAIN,0,0
01853,1853.HK,春城熱力,MAIN,0,1
01854,1854.HK,中國萬天控股,MAIN,0,0
01855,1855.HK,中慶股份,MAIN,0,1
01856,1856.HK,依波路,MAIN,0,1
01857,1857.HK,中國光大水務,MAIN,0,0
01858,1858.HK,春立醫療,MAIN,0,1
01860,1860.HK,匯量科技,MAIN,0,0
01861,1861.HK,保寶龍科技,MAIN,0,1
01862,1862.HK,景瑞控股,MAIN,0,1
01863,1863.HK,中國龍天集團,MAIN,0,0
01865,1865.HK,鵬高控股集團,MAIN,0,1
01866,1866.HK,中國心連心化肥,MAIN,0,0
01867,1867.HK,標準發展集團,MAIN,0,1
01868,1868.HK,同方友友,MAIN,0,1
01869,1869.HK,貓屎咖啡控股,MAIN,0,1
01870,1870.HK,綠色電能集團,MAIN,0,1
01871,1871.HK,向中國際,MAIN,0,1
01872,1872.HK,冠轈控股,MAIN,0,0
01873,1873.HK,維亞生物,MAIN,0,0
01875,1875.HK,東曜藥業－Ｂ,MAIN,0,0
01876,1876.HK,百威亞太,MAIN,0,0
01877,1877.HK,君實生物,MAIN,0,0
01878,1878.HK,南戈壁,MAIN,0,1
01879,1879.HK,曦智科技－Ｐ,MAIN,0,0
01880,1880.HK,中國中免,MAIN,0,0
01881,1881.HK,富豪產業信託,MAIN,1,0
01882,1882.HK,海天國際,MAIN,0,0
01883,1883.HK,中信國際電訊,MAIN,0,0
01884,1884.HK,ＥＰＲＩＮＴ集團,MAIN,0,1
01888,1888.HK,建滔積層板,MAIN,0,0
01889,1889.HK,三愛健康集團,MAIN,0,1
01890,1890.HK,中國科培,MAIN,0,0
01891,1891.HK,興合控股,MAIN,0,1
01894,1894.HK,恒益控股,MAIN,0,1
01895,1895.HK,鑫苑服務,MAIN,0,1
01896,1896.HK,貓眼娛樂,MAIN,0,0
01897,1897.HK,美亨實業,MAIN,0,1
01898,1898.HK,中煤能源,MAIN,0,0
01899,1899.HK,興達國際,MAIN,0,0
01900,1900.HK,中國智能交通,MAIN,0,1
01901,1901.HK,飛揚集團,MAIN,0,1
01903,1903.HK,JBB BUILDERS,MAIN,0,0
01905,1905.HK,海通恆信,MAIN,0,0
01906,1906.HK,博尼控股,MAIN,0,0
01907,1907.HK,中國旭陽集團,MAIN,0,0
01908,1908.HK,建發國際集團,MAIN,0,0
01909,1909.HK,火岩控股,MAIN,0,1
01910,1910.HK,新秀麗,MAIN,0,0
01911,1911.HK,華興資本控股,MAIN,0,0
01912,1912.HK,康特隆,MAIN,0,0
01913,1913.HK,普拉達,MAIN,0,0
01915,1915.HK,泰和小貸,MAIN,0,1
01916,1916.HK,江西銀行,MAIN,0,1
01917,1917.HK,豆盟科技,MAIN,0,1
01918,1918.HK,融創中國,MAIN,0,0
01919,1919.HK,中遠海控,MAIN,0,0
01920,1920.HK,巨美集團,MAIN,0,1
01921,1921.HK,達力普控股,MAIN,0,0
01925,1925.HK,曠世芳香,MAIN,0,1
01927,1927.HK,久久王,MAIN,0,1
01928,1928.HK,金沙中國有限公司,MAIN,0,0
01929,1929.HK,周大福,MAIN,0,0
01930,1930.HK,勛龍,MAIN,0,1
01931,1931.HK,華檢醫療,MAIN,0,1
01932,1932.HK,中漆集團,MAIN,0,1
01933,1933.HK,元力控股,MAIN,0,1
01935,1935.HK,嘉宏教育,MAIN,0,0
01936,1936.HK,利特米,MAIN,0,1
01937,1937.HK,佳辰控股,MAIN,0,1
01938,1938.HK,珠江鋼管,MAIN,0,1
01939,1939.HK,上善黃金,MAIN,0,1
01940,1940.HK,CGII HLDGS,MAIN,0,0
01941,1941.HK,燁星集團,MAIN,0,1
01942,1942.HK,馬可數字科技,MAIN,0,1
01943,1943.HK,金石控股集團,MAIN,0,0
01945,1945.HK,清科控股,MAIN,0,1
01947,1947.HK,美皓集團,MAIN,0,1
01948,1948.HK,優矩控股,MAIN,0,0
01949,1949.HK,佰達國際控股,MAIN,0,1
01950,1950.HK,帝王實業控股,MAIN,0,1
01951,1951.HK,錦欣生殖,MAIN,0,0
01952,1952.HK,雲頂新耀,MAIN,0,0
01953,1953.HK,賽孚迅國際,MAIN,0,0
01955,1955.HK,莊臣控股,MAIN,0,1
01956,1956.HK,中科聞歌,MAIN,0,0
01957,1957.HK,大人國際,MAIN,0,1
01958,1958.HK,北京汽車,MAIN,0,0
01959,1959.HK,中聚投資,MAIN,0,0
01960,1960.HK,TBKS HLDGS,MAIN,0,1
01961,1961.HK,多牛科技,MAIN,0,1
01962,1962.HK,訓修實業,MAIN,0,1
01963,1963.HK,重慶銀行,MAIN,0,0
01965,1965.HK,朗詩綠色生活,MAIN,0,1
01966,1966.HK,中駿集團控股,MAIN,0,1
01967,1967.HK,信懇智能,MAIN,0,1
01968,1968.HK,興紡控股,MAIN,0,1
01969,1969.HK,中國春來,MAIN,0,0
01970,1970.HK,IMAX CHINA,MAIN,0,0
01971,1971.HK,弘陽服務,MAIN,0,1
01972,1972.HK,太古地產,MAIN,0,0
01973,1973.HK,天圖投資,MAIN,0,1
01975,1975.HK,新興印刷,MAIN,0,1
01977,1977.HK,安樂工程,MAIN,0,0
01978,1978.HK,敘福樓集團,MAIN,0,1
01979,1979.HK,天寶集團,MAIN,0,0
01980,1980.HK,天鴿互動,MAIN,0,1
01981,1981.HK,華夏控股,MAIN,0,0
01982,1982.HK,南旋控股,MAIN,0,0
01983,1983.HK,瀘州銀行,MAIN,0,0
01985,1985.HK,美高域,MAIN,0,1
01986,1986.HK,彩客新能源,MAIN,0,1
01987,1987.HK,BENG SOON MACH,MAIN,0,1
01988,1988.HK,民生銀行,MAIN,0,0
01989,1989.HK,廣合科技,MAIN,0,0
01991,1991.HK,大洋集團,MAIN,0,1
01993,1993.HK,雅仕維,MAIN,0,1
01995,1995.HK,永升服務,MAIN,0,0
01996,1996.HK,弘陽地產,MAIN,0,1
01997,1997.HK,九龍倉置業,MAIN,0,0
01999,1999.HK,敏華控股,MAIN,0,0
02000,2000.HK,晨訊科技,MAIN,0,1
02001,2001.HK,新高教集團,MAIN,0,0
02002,2002.HK,陽光紙業,MAIN,0,1
02003,2003.HK,維信金科,MAIN,0,1
02005,2005.HK,石四藥集團,MAIN,0,0
02007,2007.HK,碧桂園,MAIN,0,0
02008,2008.HK,鳳凰衛視,MAIN,0,1
02009,2009.HK,金隅集團,MAIN,0,0
02011,2011.HK,進騰集團,MAIN,0,1
02012,2012.HK,陽光油砂,MAIN,0,1
02013,2013.HK,微盟集團,MAIN,0,0
02015,2015.HK,理想汽車－Ｗ,MAIN,0,0
02016,2016.HK,浙商銀行,MAIN,0,0
02017,2017.HK,滄海控股,MAIN,0,1
02018,2018.HK,瑞聲科技,MAIN,0,0
02020,2020.HK,安踏體育,MAIN,0,0
02022,2022.HK,遊萊互動,MAIN,0,1
02023,2023.HK,中國綠島科技,MAIN,0,1
02025,2025.HK,瑞豐動力,MAIN,0,0
02026,2026.HK,小馬智行－Ｗ,MAIN,0,0
02028,2028.HK,映美控股,MAIN,0,0
02030,2030.HK,卡賓,MAIN,0,1
02031,2031.HK,澳至尊,MAIN,0,1
02033,2033.HK,時計寶,MAIN,0,1
02038,2038.HK,富智康集團,MAIN,0,0
02039,2039.HK,中集集團,MAIN,0,0
02041,2041.HK,麥科田,MAIN,0,0
02048,2048.HK,易居企業控股,MAIN,0,1
02050,2050.HK,三花智控,MAIN,0,0
02051,2051.HK,VALA,MAIN,0,1
02057,2057.HK,中通快遞－Ｗ,MAIN,0,0
02068,2068.HK,中鋁國際,MAIN,0,1
02076,2076.HK,ＢＯＳＳ直聘－Ｗ,MAIN,0,0
02078,2078.HK,榮陽實業,MAIN,0,1
02080,2080.HK,奧克斯國際,MAIN,0,1
02086,2086.HK,高維科技,MAIN,0,1
02088,2088.HK,西王置業,MAIN,0,1
02096,2096.HK,先聲藥業,MAIN,0,0
02097,2097.HK,蜜雪集團,MAIN,0,0
02098,2098.HK,卓爾智聯,MAIN,0,1
02099,2099.HK,中國黃金國際,MAIN,0,0
02100,2100.HK,百奧家庭互動,MAIN,0,1
02101,2101.HK,福祿控股,MAIN,0,1
02102,2102.HK,德利機械,MAIN,0,1
02105,2105.HK,來凱醫藥－Ｂ,MAIN,0,0
02107,2107.HK,第一服務控股,MAIN,0,1
02108,2108.HK,K2 F&B,MAIN,0,1
02110,2110.HK,天成控股,MAIN,0,1
02111,2111.HK,超盈國際控股,MAIN,0,0
02112,2112.HK,恩典生命科技,MAIN,0,1
02113,2113.HK,世紀集團國際,MAIN,0,1
02116,2116.HK,江蘇創新,MAIN,0,1
02119,2119.HK,捷榮國際控股,MAIN,0,1
02120,2120.HK,康寧醫院,MAIN,0,1
02121,2121.HK,創新奇智,MAIN,0,0
02122,2122.HK,凱知樂國際,MAIN,0,1
02125,2125.HK,稻草熊娛樂,MAIN,0,1
02126,2126.HK,藥明巨諾－Ｂ,MAIN,0,1
02127,2127.HK,匯森股份,MAIN,0,1
02128,2128.HK,中國聯塑,MAIN,0,0
02129,2129.HK,LEGION CONSO,MAIN,0,1
02130,2130.HK,嘉泓物流,MAIN,0,1
02131,2131.HK,云想科技,MAIN,0,1
02132,2132.HK,譽燊豐控股,MAIN,0,1
02135,2135.HK,瑞麗醫美,MAIN,0,1
02136,2136.HK,利福中國,MAIN,0,1
02137,2137.HK,騰盛博藥－Ｂ,MAIN,0,1
02138,2138.HK,醫思健康,MAIN,0,1
02139,2139.HK,甘肅銀行,MAIN,0,1
02142,2142.HK,和鉑醫藥－Ｂ,MAIN,0,0
02145,2145.HK,上美股份,MAIN,0,0
02146,2146.HK,榮萬家,MAIN,0,1
02147,2147.HK,正味集團,MAIN,0,1
02149,2149.HK,貝克微,MAIN,0,1
02150,2150.HK,奈雪的茶,MAIN,0,0
02152,2152.HK,蘇新服務,MAIN,0,1
02153,2153.HK,達豐設備,MAIN,0,1
02155,2155.HK,森松國際,MAIN,0,0
02156,2156.HK,建發物業,MAIN,0,0
02157,2157.HK,樂普生物,MAIN,0,0
02158,2158.HK,醫渡科技,MAIN,0,0
02159,2159.HK,麥迪衛康,MAIN,0,1
02160,2160.HK,微創心通－Ｂ,MAIN,0,0
02161,2161.HK,健倍苗苗,MAIN,0,0
02162,2162.HK,康諾亞－Ｂ,MAIN,0,0
02163,2163.HK,遠大住工,MAIN,0,1
02165,2165.HK,領悅服務集團,MAIN,0,1
02166,2166.HK,芯智控股,MAIN,0,0
02167,2167.HK,天潤雲,MAIN,0,1
02168,2168.HK,佳兆業美好,MAIN,0,1
02169,2169.HK,滄港鐵路,MAIN,0,0
02170,2170.HK,貝康醫療－Ｂ,MAIN,0,1
02171,2171.HK,科濟藥業－Ｂ,MAIN,0,0
02172,2172.HK,微創腦科學,MAIN,0,0
02175,2175.HK,中國通才教育,MAIN,0,0
02176,2176.HK,賽迪顧問,MAIN,0,1
02177,2177.HK,優趣匯控股,MAIN,0,1
02178,2178.HK,百勤油服,MAIN,0,1
02179,2179.HK,瑞科生物－Ｂ,MAIN,0,0
02180,2180.HK,萬寶盛華,MAIN,0,0
02181,2181.HK,邁博藥業－Ｂ,MAIN,0,0
02182,2182.HK,天長集團,MAIN,0,1
02185,2185.HK,百心安－Ｂ,MAIN,0,1
02186,2186.HK,綠葉製藥,MAIN,0,0
02187,2187.HK,智欣集團控股,MAIN,0,1
02188,2188.HK,泰坦能源技術,MAIN,0,1
02189,2189.HK,嘉濤（香港）控股,MAIN,0,1
02190,2190.HK,歸創通橋,MAIN,0,0
02191,2191.HK,順豐房託,MAIN,1,0
02192,2192.HK,醫脈通,MAIN,0,0
02193,2193.HK,萬景控股,MAIN,0,1
02195,2195.HK,盈滙企業控股,MAIN,0,1
02196,2196.HK,復星醫藥,MAIN,0,0
02197,2197.HK,三葉草生物－Ｂ,MAIN,0,0
02198,2198.HK,中國三江化工,MAIN,0,0
02199,2199.HK,維珍妮,MAIN,0,0
02202,2202.HK,萬科企業,MAIN,0,0
02203,2203.HK,腦洞科技,MAIN,0,1
02205,2205.HK,康橋悅生活,MAIN,0,1
02208,2208.HK,金風科技,MAIN,0,0
02209,2209.HK,喆麗控股,MAIN,0,0
02210,2210.HK,京城佳業,MAIN,0,1
02211,2211.HK,大健康國際,MAIN,0,1
02212,2212.HK,高鵬礦業,MAIN,0,1
02215,2215.HK,德信服務集團,MAIN,0,1
02216,2216.HK,堃博醫療－Ｂ,MAIN,0,1
02218,2218.HK,安德利果汁,MAIN,0,0
02219,2219.HK,朝聚眼科,MAIN,0,0
02221,2221.HK,創業集團控股,MAIN,0,1
02222,2222.HK,雷士國際,MAIN,0,1
02223,2223.HK,卡撒天嬌,MAIN,0,1
02225,2225.HK,今海醫療科技,MAIN,0,0
02226,2226.HK,老恒和釀造,MAIN,0,1
02227,2227.HK,守益控股,MAIN,0,1
02228,2228.HK,晶泰控股,MAIN,0,0
02230,2230.HK,羚邦集團,MAIN,0,1
02231,2231.HK,景業名邦集團,MAIN,0,1
02232,2232.HK,晶苑國際,MAIN,0,0
02233,2233.HK,西部水泥,MAIN,0,0
02235,2235.HK,微泰醫療－Ｂ,MAIN,0,0
02236,2236.HK,惠生工程,MAIN,0,0
02237,2237.HK,中國石墨,MAIN,0,1
02238,2238.HK,廣汽集團,MAIN,0,0
02239,2239.HK,國微控股,MAIN,0,1
02245,2245.HK,力勤資源,MAIN,0,0
02246,2246.HK,快狗打車,MAIN,0,1
02249,2249.HK,晶合集成,MAIN,0,0
02250,2250.HK,小黃鴨德盈,MAIN,0,1
02251,2251.HK,鷹瞳科技－Ｂ,MAIN,0,1
02252,2252.HK,微創機器人－Ｂ,MAIN,0,0
02255,2255.HK,海昌海洋公園,MAIN,0,0
02256,2256.HK,和譽－Ｂ,MAIN,0,0
02257,2257.HK,聖諾醫藥－Ｂ,MAIN,0,1
02258,2258.HK,華滋國際海洋,MAIN,0,1
02259,2259.HK,紫金黃金國際,MAIN,0,0
02260,2260.HK,環龍控股,MAIN,0,1
02261,2261.HK,拿森科技,MAIN,0,0
02262,2262.HK,梁志天設計集團,MAIN,0,1
02263,2263.HK,富石金融,MAIN,0,1
02265,2265.HK,鴻承環保科技,MAIN,0,0
02266,2266.HK,黎氏企業,MAIN,0,1
02268,2268.HK,藥明合聯,MAIN,0,0
02269,2269.HK,藥明生物,MAIN,0,0
02270,2270.HK,德商產投服務,MAIN,0,0
02271,2271.HK,眾安智慧生活,MAIN,0,0
02272,2272.HK,科拓股份,MAIN,0,0
02273,2273.HK,固生堂,MAIN,0,0
02276,2276.HK,康耐特光學,MAIN,0,0
02279,2279.HK,雍禾醫療,MAIN,0,0
02280,2280.HK,慧聰集團,MAIN,0,1
02281,2281.HK,興瀘水務,MAIN,0,1
02282,2282.HK,美高梅中國,MAIN,0,0
02283,2283.HK,東江集團控股,MAIN,0,0
02285,2285.HK,泉峰控股,MAIN,0,0
02286,2286.HK,辰興發展,MAIN,0,1
02288,2288.HK,宏基資本,MAIN,0,1
02289,2289.HK,創美藥業,MAIN,0,1
02290,2290.HK,龍豐集團,MAIN,0,0
02291,2291.HK,心泰醫療,MAIN,0,0
02293,2293.HK,百本醫護,MAIN,0,1
02295,2295.HK,豐城控股,MAIN,0,0
02297,2297.HK,潤邁德－Ｂ,MAIN,0,1
02298,2298.HK,都市麗人,MAIN,0,1
02299,2299.HK,百宏實業,MAIN,0,0
02302,2302.HK,中核國際,MAIN,0,0
02306,2306.HK,樂華娛樂,MAIN,0,0
02307,2307.HK,錦興國際控股,MAIN,0,1
02309,2309.HK,大象未來集團,MAIN,0,0
02310,2310.HK,時代環球集團,MAIN,0,1
02312,2312.HK,ＬＯＮＧ投資集團,MAIN,0,1
02313,2313.HK,申洲國際,MAIN,0,0
02314,2314.HK,理文造紙,MAIN,0,0
02315,2315.HK,百奧賽圖－Ｂ,MAIN,0,0
02317,2317.HK,味丹國際,MAIN,0,0
02318,2318.HK,中國平安,MAIN,0,0
02319,2319.HK,蒙牛乳業,MAIN,0,0
02320,2320.HK,合豐集團,MAIN,0,1
02321,2321.HK,雙財莊,MAIN,0,1
02322,2322.HK,新質數字,MAIN,0,1
02324,2324.HK,首都創投,MAIN,0,1
02325,2325.HK,雲康集團,MAIN,0,1
02326,2326.HK,新源萬恒控股,MAIN,0,1
02327,2327.HK,美瑞健康國際,MAIN,0,1
02328,2328.HK,中國財險,MAIN,0,0
02329,2329.HK,國瑞健康,MAIN,0,1
02330,2330.HK,中國上城,MAIN,0,1
02331,2331.HK,李寧,MAIN,0,0
02333,2333.HK,長城汽車,MAIN,0,0
02335,2335.HK,麥科醫藥－Ｂ,MAIN,0,0
02336,2336.HK,碩奧國際,MAIN,0,1
02337,2337.HK,眾誠能源,MAIN,0,1
02338,2338.HK,濰柴動力,MAIN,0,0
02339,2339.HK,京西國際,MAIN,0,0
02340,2340.HK,昇柏控股,MAIN,0,1
02342,2342.HK,京信通信,MAIN,0,0
02343,2343.HK,太平洋航運,MAIN,0,0
02347,2347.HK,友和集團,MAIN,0,1
02348,2348.HK,東瑞製葯,MAIN,0,0
02349,2349.HK,中國智能基礎設施,MAIN,0,1
02350,2350.HK,數科集團,MAIN,0,1
02352,2352.HK,東原仁知服務,MAIN,0,1
02355,2355.HK,寶業集團,MAIN,0,1
02356,2356.HK,大新銀行集團,MAIN,0,0
02357,2357.HK,中航科工,MAIN,0,0
02358,2358.HK,久融控股,MAIN,0,1
02359,2359.HK,藥明康德,MAIN,0,0
02360,2360.HK,優品３６０,MAIN,0,0
02361,2361.HK,中康科技控股,MAIN,0,0
02362,2362.HK,金川國際,MAIN,0,0
02363,2363.HK,通達宏泰,MAIN,0,1
02367,2367.HK,巨子生物,MAIN,0,0
02368,2368.HK,鷹美,MAIN,0,0
02369,2369.HK,酷派集團,MAIN,0,1
02370,2370.HK,力高健康生活,MAIN,0,1
02371,2371.HK,創聯控股,MAIN,0,1
02372,2372.HK,偉立控股,MAIN,0,1
02373,2373.HK,美麗田園醫療健康,MAIN,0,0
02376,2376.HK,魯商服務,MAIN,0,1
02377,2377.HK,博奇環保,MAIN,0,1
02378,2378.HK,保誠,MAIN,0,0
02380,2380.HK,中國電力,MAIN,0,0
02381,2381.HK,蜆壳電業,MAIN,0,1
02382,2382.HK,舜宇光學科技,MAIN,0,0
02383,2383.HK,ＴＯＭ集團,MAIN,0,0
02385,2385.HK,讀書郎,MAIN,0,0
02386,2386.HK,中石化煉化工程,MAIN,0,0
02388,2388.HK,中銀香港,MAIN,0,0
02389,2389.HK,北京健康,MAIN,0,1
02390,2390.HK,知乎－Ｗ,MAIN,0,0
02391,2391.HK,塗鴉智能－Ｗ,MAIN,0,0
02392,2392.HK,玄武雲,MAIN,0,1
02393,2393.HK,巨星醫療控股,MAIN,0,1
02396,2396.HK,青城新藥－Ｂ,MAIN,0,1
02399,2399.HK,中國安儲能源,MAIN,0,0
02400,2400.HK,心動公司,MAIN,0,0
02402,2402.HK,億華通,MAIN,0,1
02405,2405.HK,力盟科技,MAIN,0,1
02407,2407.HK,高視醫療,MAIN,0,1
02408,2408.HK,遇見小麵,MAIN,0,0
02409,2409.HK,洲際船務,MAIN,0,0
02410,2410.HK,同源康醫藥－Ｂ,MAIN,0,0
02411,2411.HK,百果園集團,MAIN,0,0
02415,2415.HK,梅斯健康,MAIN,0,1
02416,2416.HK,易點雲,MAIN,0,0
02418,2418.HK,德銀天下,MAIN,0,0
02419,2419.HK,德康農牧,MAIN,0,0
02420,2420.HK,子不語,MAIN,0,0
02421,2421.HK,嘉創地產,MAIN,0,1
02422,2422.HK,潤歌互動,MAIN,0,0
02423,2423.HK,貝殼－Ｗ,MAIN,0,0
02425,2425.HK,澳亞集團,MAIN,0,0
02427,2427.HK,GUANZE MEDICAL,MAIN,0,0
02429,2429.HK,友寶在線,MAIN,0,0
02431,2431.HK,佑駕創新,MAIN,0,0
02432,2432.HK,越疆,MAIN,0,0
02433,2433.HK,中天湖南集團,MAIN,0,1
02436,2436.HK,凌雄科技,MAIN,0,0
02438,2438.HK,出門問問,MAIN,0,1
02439,2439.HK,中寶新材,MAIN,0,1
02440,2440.HK,迷策略,MAIN,0,1
02442,2442.HK,怡俊集團控股,MAIN,0,0
02443,2443.HK,汽車街,MAIN,0,0
02450,2450.HK,淮北綠金股份,MAIN,0,1
02451,2451.HK,綠源集團控股,MAIN,0,0
02453,2453.HK,美中嘉和,MAIN,0,1
02455,2455.HK,潤華服務,MAIN,0,1
02457,2457.HK,步陽國際,MAIN,0,1
02458,2458.HK,望塵科技控股,MAIN,0,1
02459,2459.HK,昇能集團,MAIN,0,1
02460,2460.HK,華潤飲料,MAIN,0,0
02461,2461.HK,獅騰控股二九,MAIN,0,0
02465,2465.HK,龍蟠科技,MAIN,0,0
02469,2469.HK,粉筆,MAIN,0,1
02473,2473.HK,喜相逢集團,MAIN,0,1
02475,2475.HK,立訊精密,MAIN,0,0
02476,2476.HK,勝宏科技,MAIN,0,0
02477,2477.HK,經緯天地,MAIN,0,0
02478,2478.HK,亞太資源二七十二,MAIN,0,0
02479,2479.HK,天聚地合,MAIN,0,0
02480,2480.HK,綠竹生物－Ｂ,MAIN,0,0
02481,2481.HK,雙良睿能,MAIN,0,1
02482,2482.HK,維天運通,MAIN,0,1
02483,2483.HK,Ｋ ＣＡＳＨ集團,MAIN,0,1
02486,2486.HK,普樂師集團控股,MAIN,0,1
02487,2487.HK,科笛－Ｂ,MAIN,0,1
02488,2488.HK,元征科技,MAIN,0,0
02489,2489.HK,集海黃金,MAIN,0,0
02490,2490.HK,樂艙物流,MAIN,0,0
02493,2493.HK,邁威生物－Ｂ,MAIN,0,0
02495,2495.HK,聲通科技,MAIN,0,1
02496,2496.HK,友芝友生物－Ｂ,MAIN,0,1
02497,2497.HK,富景中國控股,MAIN,0,1
02498,2498.HK,速騰聚創,MAIN,0,0
02499,2499.HK,佛朗斯股份,MAIN,0,0
02500,2500.HK,啓明醫療－Ｂ,MAIN,0,1
02501,2501.HK,邁越科技,MAIN,0,1
02502,2502.HK,金源氫化,MAIN,0,1
02503,2503.HK,中深建業,MAIN,0,1
02505,2505.HK,ＥＤＡ集團控股,MAIN,0,1
02506,2506.HK,訊飛醫療科技,MAIN,0,0
02507,2507.HK,西銳,MAIN,0,0
02508,2508.HK,聖貝拉集團,MAIN,0,0
02509,2509.HK,荃信生物－Ｂ,MAIN,0,0
02510,2510.HK,德翔海運,MAIN,0,0
02511,2511.HK,君聖泰醫藥－Ｂ,MAIN,0,0
02512,2512.HK,雲工場,MAIN,0,0
02513,2513.HK,智譜,MAIN,0,0
02515,2515.HK,天津建發,MAIN,0,1
02516,2516.HK,泛遠國際,MAIN,0,1
02517,2517.HK,鍋圈,MAIN,0,0
02518,2518.HK,汽車之家－Ｓ,MAIN,0,0
02519,2519.HK,傲基股份,MAIN,0,0
02520,2520.HK,山西安裝,MAIN,0,1
02521,2521.HK,升輝清潔,MAIN,0,0
02522,2522.HK,一脈陽光,MAIN,0,0
02523,2523.HK,永康控股,MAIN,0,0
02525,2525.HK,禾賽－Ｗ,MAIN,0,0
02526,2526.HK,德適－Ｂ,MAIN,0,0
02528,2528.HK,尚晉國際控股,MAIN,0,1
02529,2529.HK,泓盈城市服務,MAIN,0,1
02530,2530.HK,紐曼思,MAIN,0,1
02531,2531.HK,廣聯科技控股,MAIN,0,0
02533,2533.HK,黑芝麻智能,MAIN,0,0
02535,2535.HK,泓基集團,MAIN,0,0
02536,2536.HK,百樂皇宮,MAIN,0,1
02539,2539.HK,樂摩科技,MAIN,0,1
02540,2540.HK,樂思集團,MAIN,0,1
02543,2543.HK,大行科工,MAIN,0,1
02545,2545.HK,中贛通信,MAIN,0,1
02546,2546.HK,智匯礦業,MAIN,0,0
02549,2549.HK,卡羅特,MAIN,0,0
02550,2550.HK,宜搜科技,MAIN,0,1
02551,2551.HK,晶科電子股份,MAIN,0,1
02552,2552.HK,華領醫藥－Ｂ,MAIN,0,0
02553,2553.HK,首鋼朗澤,MAIN,0,0
02555,2555.HK,茶百道,MAIN,0,0
02556,2556.HK,邁富時,MAIN,0,0
02558,2558.HK,晉商銀行,MAIN,0,0
02559,2559.HK,嘀嗒出行－ＰＦ,MAIN,0,0
02560,2560.HK,海螺材料科技,MAIN,0,1
02561,2561.HK,維昇藥業－Ｂ,MAIN,0,0
02562,2562.HK,獅騰控股,MAIN,0,1
02563,2563.HK,華昊中天醫藥－Ｂ,MAIN,0,0
02565,2565.HK,派格生物醫藥－Ｂ,MAIN,0,0
02566,2566.HK,九源基因,MAIN,0,0
02567,2567.HK,七牛智能,MAIN,0,1
02569,2569.HK,舒寶國際,MAIN,0,0
02570,2570.HK,重塑能源,MAIN,0,0
02571,2571.HK,賽目科技,MAIN,0,1
02572,2572.HK,找鋼網三零,MAIN,0,0
02573,2573.HK,新琪安,MAIN,0,1
02575,2575.HK,軒竹生物－Ｂ,MAIN,0,0
02576,2576.HK,太美醫療科技,MAIN,0,0
02577,2577.HK,英諾賽科,MAIN,0,0
02579,2579.HK,中偉新材,MAIN,0,0
02580,2580.HK,奧克斯電氣,MAIN,0,0
02581,2581.HK,明基醫院,MAIN,0,1
02582,2582.HK,國富氫能,MAIN,0,0
02583,2583.HK,西普尼,MAIN,0,0
02585,2585.HK,夢金園,MAIN,0,0
02586,2586.HK,多點數智,MAIN,0,0
02587,2587.HK,健康之路,MAIN,0,0
02588,2588.HK,中銀航空租賃,MAIN,0,0
02589,2589.HK,滬上阿姨,MAIN,0,0
02590,2590.HK,極智嘉－Ｗ,MAIN,0,0
02591,2591.HK,銀諾醫藥－Ｂ,MAIN,0,0
02592,2592.HK,撥康視雲－Ｂ,MAIN,0,0
02593,2593.HK,草姬集團,MAIN,0,1
02595,2595.HK,勁方醫藥－Ｂ,MAIN,0,0
02596,2596.HK,宜賓銀行,MAIN,0,0
02597,2597.HK,訊眾通信,MAIN,0,0
02598,2598.HK,連連數字,MAIN,0,0
02600,2600.HK,中國鋁業,MAIN,0,0
02601,2601.HK,中國太保,MAIN,0,0
02602,2602.HK,萬物雲,MAIN,0,0
02603,2603.HK,吉宏股份,MAIN,0,1
02605,2605.HK,METALIGHT,MAIN,0,1
02607,2607.HK,上海醫藥,MAIN,0,0
02608,2608.HK,陽光１００中國,MAIN,0,1
02609,2609.HK,佰澤醫療,MAIN,0,0
02610,2610.HK,南山鋁業國際,MAIN,0,0
02611,2611.HK,國泰海通,MAIN,0,0
02612,2612.HK,資本策略二七零四,MAIN,0,0
02613,2613.HK,匯舸環保,MAIN,0,0
02615,2615.HK,百利天恒,MAIN,0,0
02616,2616.HK,基石藥業－Ｂ,MAIN,0,0
02617,2617.HK,藥捷安康－Ｂ,MAIN,0,0
02618,2618.HK,京東物流,MAIN,0,0
02619,2619.HK,香江電器,MAIN,0,1
02621,2621.HK,手回集團,MAIN,0,1
02623,2623.HK,香港黃金產業集團,MAIN,0,0
02625,2625.HK,江蘇宏信,MAIN,0,1
02627,2627.HK,中慧生物－Ｂ,MAIN,0,0
02628,2628.HK,中國人壽,MAIN,0,0
02629,2629.HK,MIRXES-B,MAIN,0,0
02630,2630.HK,旺山旺水－Ｂ,MAIN,0,0
02631,2631.HK,天岳先進,MAIN,0,0
02632,2632.HK,澤景股份,MAIN,0,0
02633,2633.HK,雅各臣科研製藥,MAIN,0,0
02635,2635.HK,諾比侃,MAIN,0,0
02637,2637.HK,海西新藥,MAIN,0,0
02638,2638.HK,港燈－ＳＳ,MAIN,0,0
02643,2643.HK,曹操出行,MAIN,0,0
02648,2648.HK,安井食品,MAIN,0,0
02649,2649.HK,優樂賽共享,MAIN,0,1
02650,2650.HK,摯達科技,MAIN,0,0
02651,2651.HK,大眾口腔,MAIN,0,1
02652,2652.HK,長風藥業,MAIN,0,0
02655,2655.HK,果下科技,MAIN,0,0
02656,2656.HK,健康１６０,MAIN,0,0
02657,2657.HK,林清軒,MAIN,0,0
02658,2658.HK,天域半導體,MAIN,0,0
02659,2659.HK,寶濟藥業－Ｂ,MAIN,0,0
02660,2660.HK,禪遊科技,MAIN,0,0
02661,2661.HK,輕鬆健康,MAIN,0,0
02663,2663.HK,應力控股,MAIN,0,1
02665,2665.HK,圖達通,MAIN,0,0
02666,2666.HK,環球醫療,MAIN,0,0
02667,2667.HK,同仁堂醫養,MAIN,0,1
02668,2668.HK,百德國際,MAIN,0,0
02669,2669.HK,中海物業,MAIN,0,0
02670,2670.HK,雲迹,MAIN,0,0
02671,2671.HK,美聯股份,MAIN,0,1
02672,2672.HK,白鴿在線,MAIN,0,0
02673,2673.HK,圖達通三零,MAIN,0,0
02675,2675.HK,精鋒醫療－Ｂ,MAIN,0,0
02676,2676.HK,納芯微,MAIN,0,0
02677,2677.HK,卓正醫療,MAIN,0,0
02678,2678.HK,天虹國際集團,MAIN,0,0
02680,2680.HK,南強控股,MAIN,0,1
02682,2682.HK,潤利海事,MAIN,0,1
02683,2683.HK,華新手袋國際控股,MAIN,0,1
02685,2685.HK,量化派,MAIN,0,0
02687,2687.HK,卓越睿新,MAIN,0,0
02688,2688.HK,新奧能源,MAIN,0,0
02689,2689.HK,玖龍紙業,MAIN,0,0
02691,2691.HK,南華期貨股份,MAIN,0,0
02692,2692.HK,兆威機電,MAIN,0,0
02693,2693.HK,金岩高嶺新材,MAIN,0,1
02695,2695.HK,印象大紅袍,MAIN,0,1
02696,2696.HK,復宏漢霖,MAIN,0,0
02697,2697.HK,真健康醫療－Ｂ,MAIN,0,0
02698,2698.HK,樂舒適,MAIN,0,0
02699,2699.HK,新明中國,MAIN,0,1
02700,2700.HK,格林國際控股,MAIN,0,1
02701,2701.HK,國民技術,MAIN,0,1
02706,2706.HK,海致科技集團,MAIN,0,0
02714,2714.HK,牧原股份,MAIN,0,0
02715,2715.HK,埃斯頓,MAIN,0,0
02718,2718.HK,明略科技－Ｗ,MAIN,0,0
02720,2720.HK,樂欣戶外,MAIN,0,0
02722,2722.HK,重慶機電,MAIN,0,0
02723,2723.HK,深演智能,MAIN,0,0
02726,2726.HK,瀚天天成,MAIN,0,0
02727,2727.HK,上海電氣,MAIN,0,0
02728,2728.HK,金泰能源控股,MAIN,0,1
02729,2729.HK,凱樂士科技,MAIN,0,0
02738,2738.HK,華津國際控股,MAIN,0,1
02768,2768.HK,國恩科技,MAIN,0,0
02772,2772.HK,中梁控股,MAIN,0,1
02777,2777.HK,富力地產,MAIN,0,1
02778,2778.HK,冠君產業信託,MAIN,1,0
02779,2779.HK,中國新華教育,MAIN,0,1
02788,2788.HK,創新實業,MAIN,0,0
02789,2789.HK,遠大中國,MAIN,0,0
02797,2797.HK,齊雲山食品,MAIN,0,0
02798,2798.HK,久泰邦達能源,MAIN,0,0
02799,2799.HK,中信金融資產,MAIN,0,0
02858,2858.HK,易鑫集團,MAIN,0,0
02863,2863.HK,高豐集團控股,MAIN,0,1
02865,2865.HK,鈞達股份,MAIN,0,0
02866,2866.HK,中遠海發,MAIN,0,0
02869,2869.HK,綠城服務,MAIN,0,0
02877,2877.HK,神威藥業,MAIN,0,0
02878,2878.HK,晶門半導體,MAIN,0,1
02880,2880.HK,遼港股份,MAIN,0,0
02881,2881.HK,武漢有機,MAIN,0,1
02882,2882.HK,金至尊集團,MAIN,0,1
02883,2883.HK,中海油田服務,MAIN,0,0
02885,2885.HK,彼岸控股,MAIN,0,1
02886,2886.HK,濱海投資,MAIN,0,0
02888,2888.HK,渣打集團,MAIN,0,0
02889,2889.HK,博泰車聯,MAIN,0,0
02892,2892.HK,萬城控股,MAIN,0,1
02898,2898.HK,盛禾生物－Ｂ,MAIN,0,0
02899,2899.HK,紫金礦業,MAIN,0,0
02908,2908.HK,彩虹新能源,MAIN,0,1
03200,3200.HK,大族數控,MAIN,0,0
03223,3223.HK,君正股份,MAIN,0,0
03231,3231.HK,優地機器人,MAIN,0,0
03268,3268.HK,美格智能,MAIN,0,1
03277,3277.HK,長光辰芯,MAIN,0,0
03288,3288.HK,海天味業,MAIN,0,0
03296,3296.HK,華勤技術,MAIN,0,0
03300,3300.HK,中國玻璃,MAIN,0,1
03301,3301.HK,融信中國,MAIN,0,1
03302,3302.HK,精技集團,MAIN,0,1
03303,3303.HK,巨濤海洋石油服務,MAIN,0,0
03306,3306.HK,江南布衣,MAIN,0,0
03308,3308.HK,中際旭創,MAIN,0,0
03309,3309.HK,希瑪醫療,MAIN,0,0
03310,3310.HK,雲英谷科技,MAIN,0,0
03311,3311.HK,中國建築國際,MAIN,0,0
03313,3313.HK,雅高控股,MAIN,0,1
03315,3315.HK,金邦達寶嘉,MAIN,0,1
03316,3316.HK,濱江服務,MAIN,0,0
03317,3317.HK,迅策,MAIN,0,0
03318,3318.HK,中國波頓,MAIN,0,0
03319,3319.HK,雅生活服務,MAIN,0,0
03320,3320.HK,華潤醫藥,MAIN,0,0
03321,3321.HK,中科集團控股,MAIN,0,1
03322,3322.HK,永嘉集團,MAIN,0,1
03323,3323.HK,中國建材,MAIN,0,0
03328,3328.HK,交通銀行,MAIN,0,0
03329,3329.HK,交銀國際,MAIN,0,0
03330,3330.HK,靈寶黃金,MAIN,0,0
03332,3332.HK,中生聯合,MAIN,0,1
03336,3336.HK,巨騰國際,MAIN,0,0
03337,3337.HK,安東油田服務,MAIN,0,0
03339,3339.HK,中國龍工,MAIN,0,0
03347,3347.HK,泰格醫藥,MAIN,0,0
03348,3348.HK,中國鵬飛集團,MAIN,0,1
03355,3355.HK,飛速創新,MAIN,0,0
03360,3360.HK,遠東宏信,MAIN,0,0
03363,3363.HK,正業國際,MAIN,0,1
03366,3366.HK,華僑城（亞洲）,MAIN,0,1
03368,3368.HK,百盛集團,MAIN,0,1
03369,3369.HK,秦港股份,MAIN,0,0
03377,3377.HK,遠洋集團,MAIN,0,1
03378,3378.HK,翰思艾泰－Ｂ,MAIN,0,0
03380,3380.HK,龍光集團,MAIN,0,0
03382,3382.HK,天津港發展,MAIN,0,0
03383,3383.HK,雅居樂集團,MAIN,0,1
03388,3388.HK,創想三維,MAIN,0,0
03389,3389.HK,亨得利,MAIN,0,0
03390,3390.HK,滿貫集團,MAIN,0,1
03393,3393.HK,威勝控股,MAIN,0,0
03395,3395.HK,吉星新能源,MAIN,0,1
03396,3396.HK,聯想控股,MAIN,0,0
03398,3398.HK,華鼎控股,MAIN,0,1
03399,3399.HK,粵運交通,MAIN,0,1
03401,3401.HK,ＧＸＡＩ基礎設施,MAIN,0,0
03402,3402.HK,ＧＸ中美科技,MAIN,0,0
03403,3403.HK,華夏恒ＥＳＧ,MAIN,0,0
03404,3404.HK,華夏印度,MAIN,0,0
03406,3406.HK,平安科技精選,MAIN,0,0
03408,3408.HK,GX KOSPI 200,MAIN,0,0
03410,3410.HK,恒生日本東證一百,MAIN,0,0
03411,3411.HK,ＰＰ亞洲美債,MAIN,0,0
03412,3412.HK,Ａ都會電子支付,MAIN,0,0
03413,3413.HK,Ａ都會人工智能,MAIN,0,0
03415,3415.HK,ＡＧＸ標普兌,MAIN,0,0
03416,3416.HK,ＡＧＸ國指兌,MAIN,0,0
03417,3417.HK,ＡＧＸ恒科備兌,MAIN,0,0
03418,3418.HK,華夏數字黃金,MAIN,0,0
03419,3419.HK,Ａ ＧＸ恒指備兌,MAIN,0,0
03420,3420.HK,Ａ惠理人民幣,MAIN,0,0
03421,3421.HK,Ａ惠理港元,MAIN,0,0
03422,3422.HK,ＧＸ創新藍籌十強,MAIN,0,0
03423,3423.HK,招商恒生科技,MAIN,0,0
03425,3425.HK,ＭＢＣ以太幣,MAIN,0,0
03426,3426.HK,Ａ都會ＷＥＢ３,MAIN,0,0
03427,3427.HK,富邦多元資產,MAIN,0,0
03428,3428.HK,ＧＸ國壽港美,MAIN,0,0
03430,3430.HK,ＭＢＣ比特幣,MAIN,0,0
03431,3431.HK,南方港韓科技,MAIN,0,0
03432,3432.HK,南方港股通,MAIN,0,0
03434,3434.HK,易方達數科,MAIN,0,0
03435,3435.HK,恒生招商七十美債,MAIN,0,0
03436,3436.HK,恒生招商一三美債,MAIN,0,0
03437,3437.HK,博時央企紅利,MAIN,0,0
03439,3439.HK,嘉實比特幣,MAIN,0,0
03440,3440.HK,ＧＸ０３月債,MAIN,0,0
03441,3441.HK,南方東西精選,MAIN,0,0
03442,3442.HK,南方港美科技,MAIN,0,0
03443,3443.HK,南方香港股票,MAIN,0,0
03444,3444.HK,恒生香港股票,MAIN,0,0
03447,3447.HK,南方亞太房託,MAIN,1,0
03448,3448.HK,ＧＸ中國科技,MAIN,0,0
03450,3450.HK,ＧＸ３５美債,MAIN,0,0
03451,3451.HK,ＡＧＸ納指兌,MAIN,0,0
03453,3453.HK,ＰＰ台灣５０,MAIN,0,0
03454,3454.HK,南方美股七巨頭,MAIN,0,0
03455,3455.HK,景順ＱＱＱ,MAIN,0,0
03456,3456.HK,易方達港交所科技,MAIN,0,0
03457,3457.HK,Ａ泰康港元,MAIN,0,0
03460,3460.HK,華夏ＳＯＬ,MAIN,0,0
03461,3461.HK,Ａ華夏人幣數,MAIN,0,0
03466,3466.HK,恒生高息股,MAIN,0,0
03469,3469.HK,南方港股通紅利,MAIN,0,0
03470,3470.HK,ＧＸ大中華,MAIN,0,0
03471,3471.HK,Ａ華夏港元數,MAIN,0,0
03472,3472.HK,Ａ華夏美元數,MAIN,0,0
03473,3473.HK,南方亞洲科技,MAIN,0,0
03476,3476.HK,Ａ恒生摩根美入息,MAIN,0,0
03477,3477.HK,平安東西精選,MAIN,0,0
03480,3480.HK,Ａ惠理美元,MAIN,0,0
03483,3483.HK,易方達高股息,MAIN,0,0
03486,3486.HK,易方達亞洲半導體,MAIN,0,0
03488,3488.HK,惠理港美紅利低波,MAIN,0,0
03489,3489.HK,易方達ＡＩ,MAIN,0,0
03509,3509.HK,易方達ＭＰＦＡ股,MAIN,0,0
03519,3519.HK,Ａ恒生國指備兌,MAIN,0,0
03533,3533.HK,ＸＡＧＸ金兌,MAIN,0,0
03535,3535.HK,南方港日現金流,MAIN,0,0
03537,3537.HK,Ａ南方韓國備兌,MAIN,0,0
03555,3555.HK,ＡＧＸ恒息增,MAIN,0,0
03579,3579.HK,易方達ＭＰＦ港股,MAIN,0,0
03589,3589.HK,Ａ恒生科技備兌,MAIN,0,0
03600,3600.HK,現代牙科,MAIN,0,0
03601,3601.HK,魯大師,MAIN,0,1
03603,3603.HK,信基沙溪,MAIN,0,1
03606,3606.HK,福耀玻璃,MAIN,0,0
03613,3613.HK,同仁堂國藥,MAIN,0,0
03616,3616.HK,恒達集團控股,MAIN,0,1
03618,3618.HK,重慶農村商業銀行,MAIN,0,0
03623,3623.HK,中國金融發展,MAIN,0,1
03625,3625.HK,傅里葉,MAIN,0,0
03626,3626.HK,啟明東方控股,MAIN,0,1
03628,3628.HK,仁恒實業控股,MAIN,0,1
03633,3633.HK,中裕能源,MAIN,0,0
03636,3636.HK,金潯資源,MAIN,0,1
03638,3638.HK,亨利加集團,MAIN,0,1
03639,3639.HK,億達中國,MAIN,0,1
03650,3650.HK,KEEP,MAIN,0,1
03658,3658.HK,新希望服務,MAIN,0,0
03660,3660.HK,奇富科技－Ｓ,MAIN,0,0
03661,3661.HK,聖邦股份,MAIN,0,0
03662,3662.HK,星悅康旅,MAIN,0,1
03666,3666.HK,上海小南國,MAIN,0,1
03668,3668.HK,兗煤澳大利亞,MAIN,0,0
03669,3669.HK,永達汽車,MAIN,0,0
03677,3677.HK,正力新能,MAIN,0,0
03678,3678.HK,弘業期貨,MAIN,0,1
03680,3680.HK,瑞和數智,MAIN,0,0
03681,3681.HK,中國抗體－Ｂ,MAIN,0,0
03683,3683.HK,榮豐億控股,MAIN,0,1
03686,3686.HK,祈福生活服務,MAIN,0,1
03688,3688.HK,萊蒙國際,MAIN,0,1
03689,3689.HK,康華醫療,MAIN,0,1
03690,3690.HK,美團－Ｗ,MAIN,0,0
03692,3692.HK,翰森製藥,MAIN,0,0
03696,3696.HK,英矽智能,MAIN,0,0
03698,3698.HK,徽商銀行,MAIN,0,0
03699,3699.HK,光大永年,MAIN,0,1
03700,3700.HK,映宇宙,MAIN,0,0
03708,3708.HK,世界數字經濟產業,MAIN,0,1
03709,3709.HK,贏家時尚,MAIN,0,0
03718,3718.HK,北控城市資源,MAIN,0,0
03728,3728.HK,正利控股,MAIN,0,1
03737,3737.HK,中智藥業,MAIN,0,1
03738,3738.HK,阜博集團,MAIN,0,0
03750,3750.HK,寧德時代,MAIN,0,0
03752,3752.HK,珞石機器人,MAIN,0,0
03759,3759.HK,康龍化成,MAIN,0,0
03768,3768.HK,滇池水務,MAIN,0,1
03773,3773.HK,銀盛數惠,MAIN,0,0
03774,3774.HK,亮晴控股,MAIN,0,0
03778,3778.HK,中國織材控股,MAIN,0,1
03788,3788.HK,罕王黃金,MAIN,0,0
03789,3789.HK,御佳控股,MAIN,0,1
03798,3798.HK,家鄉互動,MAIN,0,0
03800,3800.HK,協鑫科技,MAIN,0,0
03808,3808.HK,中國重汽,MAIN,0,0
03813,3813.HK,寶勝國際,MAIN,0,0
03816,3816.HK,ＫＦＭ金德,MAIN,0,0
03818,3818.HK,中國動向,MAIN,0,0
03822,3822.HK,三和建築集團,MAIN,0,1
03828,3828.HK,明輝國際,MAIN,0,1
03830,3830.HK,童園國際,MAIN,0,1
03833,3833.HK,新疆新鑫礦業,MAIN,0,0
03836,3836.HK,和諧汽車,MAIN,0,1
03838,3838.HK,中國澱粉,MAIN,0,1
03839,3839.HK,正大生物,MAIN,0,0
03848,3848.HK,浩森金融科技,MAIN,0,0
03858,3858.HK,佳鑫國際資源,MAIN,0,0
03860,3860.HK,ＥＰＳ創健科技,MAIN,0,1
03866,3866.HK,青島銀行,MAIN,0,0
03868,3868.HK,信義能源,MAIN,0,0
03869,3869.HK,弘和仁愛醫療,MAIN,0,1
03877,3877.HK,中國船舶租賃,MAIN,0,0
03878,3878.HK,VICON HOLDINGS,MAIN,0,1
03880,3880.HK,泰德醫藥,MAIN,0,0
03881,3881.HK,希迪智駕,MAIN,0,0
03882,3882.HK,天彩控股,MAIN,0,1
03883,3883.HK,中國奧園,MAIN,0,1
03886,3886.HK,康健國際醫療,MAIN,0,0
03887,3887.HK,HASHKEY HLDGS,MAIN,0,0
03888,3888.HK,金山軟件,MAIN,0,0
03889,3889.HK,大成玉米集團,MAIN,0,1
03893,3893.HK,易緯集團,MAIN,0,0
03896,3896.HK,金山雲,MAIN,0,0
03898,3898.HK,時代電氣,MAIN,0,0
03899,3899.HK,中集安瑞科,MAIN,0,0
03900,3900.HK,綠城中國,MAIN,0,0
03903,3903.HK,瀚華控股,MAIN,0,1
03908,3908.HK,中金公司,MAIN,0,0
03913,3913.HK,合景悠活,MAIN,0,1
03918,3918.HK,金界控股,MAIN,0,0
03919,3919.HK,金力集團,MAIN,0,1
03928,3928.HK,中國新零售供應鏈,MAIN,0,0
03931,3931.HK,中創新航,MAIN,0,0
03933,3933.HK,聯邦制藥,MAIN,0,0
03938,3938.HK,ＬＦＧ投資控股,MAIN,0,0
03939,3939.HK,萬國黃金集團,MAIN,0,0
03952,3952.HK,來福諧波,MAIN,0,0
03958,3958.HK,東方證券,MAIN,0,0
03963,3963.HK,融眾金融,MAIN,0,1
03968,3968.HK,招商銀行,MAIN,0,0
03969,3969.HK,中國通號,MAIN,0,0
03978,3978.HK,卓越教育集團,MAIN,0,0
03983,3983.HK,中海石油化學,MAIN,0,0
03986,3986.HK,兆易創新,MAIN,0,0
03988,3988.HK,中國銀行,MAIN,0,0
03989,3989.HK,首創環境,MAIN,0,0
03990,3990.HK,美的置業,MAIN,0,0
03991,3991.HK,長虹佳華,MAIN,0,1
03993,3993.HK,洛陽鉬業,MAIN,0,0
03996,3996.HK,中國能源建設,MAIN,0,0
03997,3997.HK,電訊首科,MAIN,0,1
03998,3998.HK,波司登,MAIN,0,0
03999,3999.HK,大成食品,MAIN,0,1
06012,6012.HK,PEAK RE PSGCSB,MAIN,0,0
06030,6030.HK,中信証券,MAIN,0,0
06031,6031.HK,三一重工,MAIN,0,0
06033,6033.HK,電訊數碼控股,MAIN,0,1
06036,6036.HK,光麗科技,MAIN,0,0
06038,6038.HK,信越控股,MAIN,0,1
06049,6049.HK,保利物業,MAIN,0,0
06051,6051.HK,有贊,MAIN,0,0
06055,6055.HK,中煙香港,MAIN,0,0
06058,6058.HK,興證國際,MAIN,0,0
06060,6060.HK,眾安在綫,MAIN,0,0
06063,6063.HK,智中國際,MAIN,0,0
06066,6066.HK,中信建投証券,MAIN,0,0
06067,6067.HK,星源材質,MAIN,0,0
06068,6068.HK,光正教育,MAIN,0,1
06069,6069.HK,盛業,MAIN,0,0
06078,6078.HK,海吉亞醫療,MAIN,0,0
06080,6080.HK,榮智控股,MAIN,0,1
06082,6082.HK,壁仞科技,MAIN,0,0
06083,6083.HK,環宇物流（亞洲）,MAIN,0,1
06086,6086.HK,方舟健客,MAIN,0,1
06088,6088.HK,FIT HON TENG,MAIN,0,0
06090,6090.HK,不同集團,MAIN,0,0
06093,6093.HK,和泓服務,MAIN,0,1
06098,6098.HK,碧桂園服務,MAIN,0,0
06099,6099.HK,招商證券,MAIN,0,0
06100,6100.HK,同道獵聘,MAIN,0,0
06106,6106.HK,仙工智能,MAIN,0,0
06108,6108.HK,新銳醫藥,MAIN,0,1
06110,6110.HK,滔搏,MAIN,0,0
06113,6113.HK,比特策略,MAIN,0,1
06117,6117.HK,日照港裕廊,MAIN,0,1
06118,6118.HK,奧星生命科技,MAIN,0,1
06119,6119.HK,天源集團,MAIN,0,1
06123,6123.HK,圓通國際快遞,MAIN,0,1
06127,6127.HK,昭衍新藥,MAIN,0,0
06128,6128.HK,烯石電車新材料,MAIN,0,1
06132,6132.HK,華健未來－Ｂ,MAIN,0,0
06133,6133.HK,維太創科,MAIN,0,1
06136,6136.HK,康達環保,MAIN,0,0
06138,6138.HK,哈爾濱銀行,MAIN,0,1
06158,6158.HK,正榮地產,MAIN,0,1
06160,6160.HK,百濟神州,MAIN,0,0
06162,6162.HK,天瑞汽車內飾,MAIN,0,1
06163,6163.HK,彭順國際,MAIN,0,1
06166,6166.HK,劍橋科技,MAIN,0,0
06168,6168.HK,周六福,MAIN,0,0
06169,6169.HK,宇華教育,MAIN,0,0
06178,6178.HK,光大證券,MAIN,0,0
06181,6181.HK,老鋪黃金,MAIN,0,0
06182,6182.HK,乙德投資控股,MAIN,0,1
06185,6185.HK,康希諾生物,MAIN,0,0
06186,6186.HK,中國飛鶴,MAIN,0,0
06188,6188.HK,迪信通,MAIN,0,1
06189,6189.HK,愛得威建設集團,MAIN,0,1
06190,6190.HK,九江銀行,MAIN,0,0
06193,6193.HK,泰林科建,MAIN,0,1
06196,6196.HK,鄭州銀行,MAIN,0,0
06198,6198.HK,青島港,MAIN,0,0
06199,6199.HK,貴州銀行,MAIN,0,0
06228,6228.HK,自由黃金－ＤＲＳ,MAIN,0,0
06288,6288.HK,FAST RETAIL-DRS,MAIN,0,0
06600,6600.HK,臥安機器人,MAIN,0,0
06601,6601.HK,朝雲集團,MAIN,0,0
06603,6603.HK,IFBH,MAIN,0,0
06608,6608.HK,百融智能－Ｗ,MAIN,0,0
06609,6609.HK,心瑋醫療－Ｂ,MAIN,0,0
06610,6610.HK,飛天雲動,MAIN,0,1
06611,6611.HK,三巽集團,MAIN,0,1
06613,6613.HK,藍思科技,MAIN,0,0
06616,6616.HK,環球新材國際,MAIN,0,0
06618,6618.HK,京東健康,MAIN,0,0
06622,6622.HK,兆科眼科－Ｂ,MAIN,0,0
06623,6623.HK,陸控,MAIN,0,0
06626,6626.HK,越秀服務,MAIN,0,0
06628,6628.HK,創勝集團醫藥－Ｂ,MAIN,0,1
06633,6633.HK,青瓷遊戲,MAIN,0,0
06636,6636.HK,極視角,MAIN,0,0
06639,6639.HK,瑞爾集團,MAIN,0,0
06651,6651.HK,五一視界,MAIN,0,0
06655,6655.HK,華新建材,MAIN,0,0
06656,6656.HK,思格新能,MAIN,0,0
06657,6657.HK,百望股份,MAIN,0,0
06658,6658.HK,溜溜梅,MAIN,0,0
06660,6660.HK,艾美疫苗,MAIN,0,1
06661,6661.HK,湖州燃氣,MAIN,0,1
06663,6663.HK,國際永勝集團,MAIN,0,1
06666,6666.HK,恒大物業,MAIN,0,0
06667,6667.HK,美因基因,MAIN,0,0
06668,6668.HK,星盛商業,MAIN,0,0
06669,6669.HK,先瑞達醫療－Ｂ,MAIN,0,0
06675,6675.HK,SENASIC,MAIN,0,0
06676,6676.HK,找鋼網－Ｗ,MAIN,0,1
06677,6677.HK,遠洋服務,MAIN,0,1
06680,6680.HK,金力永磁,MAIN,0,0
06681,6681.HK,腦動極光－Ｂ,MAIN,0,0
06682,6682.HK,範式智能,MAIN,0,0
06683,6683.HK,巨星傳奇,MAIN,0,0
06686,6686.HK,諾亞控股,MAIN,0,0
06687,6687.HK,聚水潭,MAIN,0,0
06690,6690.HK,海爾智家,MAIN,0,0
06693,6693.HK,赤峰黃金,MAIN,0,0
06696,6696.HK,多想雲,MAIN,0,0
06698,6698.HK,星空華文,MAIN,0,1
06699,6699.HK,時代天使,MAIN,0,0
06715,6715.HK,鱘龍科技,MAIN,0,0
06745,6745.HK,濱化股份,MAIN,0,0
06805,6805.HK,金茂源環保,MAIN,0,0
06806,6806.HK,申萬宏源,MAIN,0,0
06808,6808.HK,高鑫零售,MAIN,0,0
06809,6809.HK,瀾起科技,MAIN,0,0
06810,6810.HK,商米科技－Ｗ,MAIN,0,0
06811,6811.HK,太興集團,MAIN,0,0
06812,6812.HK,永順控股香港,MAIN,0,1
06816,6816.HK,瑞港建設,MAIN,0,1
06818,6818.HK,中國光大銀行,MAIN,0,0
06820,6820.HK,友誼時光,MAIN,0,1
06821,6821.HK,凱萊英,MAIN,0,0
06822,6822.HK,科勁國際,MAIN,0,1
06823,6823.HK,香港電訊－ＳＳ,MAIN,0,0
06826,6826.HK,昊海生物科技,MAIN,0,1
06828,6828.HK,北京燃氣藍天,MAIN,0,1
06829,6829.HK,龍昇集團控股,MAIN,0,1
06830,6830.HK,華眾車載,MAIN,0,1
06831,6831.HK,綠茶集團,MAIN,0,0
06833,6833.HK,興科蓉醫藥,MAIN,0,1
06838,6838.HK,盈利時,MAIN,0,1
06839,6839.HK,雲南水務,MAIN,0,1
06855,6855.HK,亞盛醫藥,MAIN,0,0
06858,6858.HK,本間高爾夫,MAIN,0,0
06860,6860.HK,指尖悅動,MAIN,0,1
06862,6862.HK,海底撈,MAIN,0,0
06865,6865.HK,福萊特玻璃,MAIN,0,0
06866,6866.HK,佐力科創,MAIN,0,1
06868,6868.HK,天福,MAIN,0,0
06869,6869.HK,長飛光纖光纜,MAIN,0,0
06871,6871.HK,翼菲科技,MAIN,0,0
06872,6872.HK,丹諾醫藥－B,MAIN,0,0
06877,6877.HK,TE HEALTHCARE,MAIN,0,1
06878,6878.HK,鼎豐集團汽車,MAIN,0,1
06880,6880.HK,MOMENTA-W,MAIN,0,0
06881,6881.HK,中國銀河,MAIN,0,0
06882,6882.HK,東瀛遊,MAIN,0,1
06883,6883.HK,穎通控股,MAIN,0,0
06885,6885.HK,金馬能源,MAIN,0,1
06886,6886.HK,HTSC,MAIN,0,0
06887,6887.HK,東陽光藥,MAIN,0,0
06888,6888.HK,英達公路再生科技,MAIN,0,1
06889,6889.HK,DYNAM JAPAN,MAIN,0,0
06890,6890.HK,康利國際控股,MAIN,0,1
06893,6893.HK,衍生集團,MAIN,0,1
06896,6896.HK,金嗓子,MAIN,0,0
06898,6898.HK,中國鋁罐,MAIN,0,1
06899,6899.HK,聯眾,MAIN,0,1
06908,6908.HK,宏光半導體,MAIN,0,1
06909,6909.HK,百得利控股,MAIN,0,1
06911,6911.HK,瀾滄古茶,MAIN,0,1
06913,6913.HK,華南職業教育,MAIN,0,1
06915,6915.HK,江西生物,MAIN,0,0
06918,6918.HK,九泰數智,MAIN,0,1
06919,6919.HK,人瑞人才,MAIN,0,1
06922,6922.HK,康灃生物－Ｂ,MAIN,0,1
06928,6928.HK,萬馬控股,MAIN,0,1
06929,6929.HK,業聚醫療,MAIN,0,0
06933,6933.HK,新娛科控股,MAIN,0,1
06936,6936.HK,順豐控股,MAIN,0,0
06938,6938.HK,瑞博生物－Ｂ,MAIN,0,0
06939,6939.HK,美佳音控股,MAIN,0,1
06951,6951.HK,三環集團,MAIN,0,0
06955,6955.HK,博安生物,MAIN,0,0
06958,6958.HK,正榮服務,MAIN,0,1
06959,6959.HK,長久股份,MAIN,0,1
06960,6960.HK,雙登股份,MAIN,0,0
06963,6963.HK,陽光保險,MAIN,0,0
06966,6966.HK,中國萬桐園,MAIN,0,1
06968,6968.HK,港龍中國地產,MAIN,0,1
06969,6969.HK,思摩爾國際,MAIN,0,0
06978,6978.HK,永泰生物－Ｂ,MAIN,0,1
06979,6979.HK,珍酒李渡,MAIN,0,0
06980,6980.HK,八馬茶業,MAIN,0,0
06988,6988.HK,樂享集團,MAIN,0,1
06989,6989.HK,卓越商企服務,MAIN,0,1
06990,6990.HK,科倫博泰生物,MAIN,0,0
06993,6993.HK,藍月亮集團,MAIN,0,0
06996,6996.HK,德琪醫藥－Ｂ,MAIN,0,0
06998,6998.HK,億騰嘉和,MAIN,0,0
06999,6999.HK,領地控股,MAIN,0,1
07489,7489.HK,嵐圖汽車,MAIN,0,0
07500,7500.HK,ＦＩ二南方恒指,MAIN,0,0
07515,7515.HK,ＦＩ二南方日經,MAIN,0,0
07522,7522.HK,ＦＩ二華夏納一百,MAIN,0,0
07552,7552.HK,ＸＩ二南方恒科,MAIN,0,0
07568,7568.HK,ＦＩ二南方納指,MAIN,0,0
07588,7588.HK,ＦＩ二南方國指,MAIN,0,0
07618,7618.HK,京東工業,MAIN,0,0
07630,7630.HK,英派藥業－Ｂ,MAIN,0,0
07656,7656.HK,瑞為技術,MAIN,0,0
07666,7666.HK,劑泰科技－Ｐ,MAIN,0,0
07687,7687.HK,易控智駕,MAIN,0,0
07688,7688.HK,拓璞數控,MAIN,0,0
07709,7709.HK,ＸＬ二南方海力士,MAIN,0,0
07711,7711.HK,ＸＬ二南ＣＯ,MAIN,0,0
07747,7747.HK,ＸＬ二南三星,MAIN,0,0
07766,7766.HK,ＸＬ二南特斯,MAIN,0,0
07777,7777.HK,ＸＬ二南巴郡,MAIN,0,0
07788,7788.HK,ＸＬ二南英偉,MAIN,0,0
07799,7799.HK,ＸＬ二南策略,MAIN,0,0
08003,8003.HK,世大控股,GEM,0,1
08005,8005.HK,裕興科技,GEM,0,1
08006,8006.HK,華泰瑞銀,GEM,0,1
08007,8007.HK,環球戰略集團,GEM,0,1
08013,8013.HK,ECI TECH,GEM,0,1
08017,8017.HK,捷利交易寶,GEM,0,1
08018,8018.HK,匯財金融投資,GEM,0,1
08019,8019.HK,皓文控股,GEM,0,1
08020,8020.HK,宏海控股集團,GEM,0,1
08021,8021.HK,匯隆控股,GEM,0,1
08023,8023.HK,鄺文記,GEM,0,1
08026,8026.HK,朗華國際集團,GEM,0,1
08027,8027.HK,吉輝控股,GEM,0,1
08028,8028.HK,天時資源,GEM,0,1
08029,8029.HK,中投金融科技集團,GEM,0,1
08030,8030.HK,豐銀禾控股,GEM,0,1
08031,8031.HK,易通訊集團,GEM,0,1
08033,8033.HK,愛達利網絡,GEM,0,1
08035,8035.HK,駿高控股,GEM,0,1
08036,8036.HK,電子交易集團,GEM,0,1
08037,8037.HK,中國生物科技服務,GEM,0,1
08039,8039.HK,中國來騎哦,GEM,0,1
08040,8040.HK,快意智能,GEM,0,1
08041,8041.HK,中微智碼,GEM,0,1
08042,8042.HK,高奧士人才集團,GEM,0,1
08043,8043.HK,ATLINKS,GEM,0,1
08047,8047.HK,中國海洋發展,GEM,0,1
08049,8049.HK,吉林長龍藥業,GEM,0,1
08050,8050.HK,城市酷選,GEM,0,1
08051,8051.HK,訊智海,GEM,0,1
08052,8052.HK,陸慶娛樂,GEM,0,1
08056,8056.HK,生活概念,GEM,0,1
08057,8057.HK,麥迪森控股,GEM,0,1
08059,8059.HK,朝威控股,GEM,0,1
08060,8060.HK,國聯通信,GEM,0,1
08062,8062.HK,俊盟國際,GEM,0,1
08065,8065.HK,高萌科技,GEM,0,1
08066,8066.HK,品創控股,GEM,0,1
08067,8067.HK,東方大學城控股,GEM,0,1
08069,8069.HK,飛道旅遊科技,GEM,0,1
08070,8070.HK,僑洋國際控股,GEM,0,1
08071,8071.HK,中彩網通控股,GEM,0,1
08072,8072.HK,蘭谷股份,GEM,0,1
08073,8073.HK,水發興業新材料,GEM,0,1
08076,8076.HK,新利軟件,GEM,0,1
08079,8079.HK,曌生命,GEM,0,1
08080,8080.HK,北亞策略,GEM,0,1
08081,8081.HK,白居易控股,GEM,0,1
08082,8082.HK,擎華控股,GEM,0,1
08087,8087.HK,中國三三集團,GEM,0,0
08090,8090.HK,寶蓋新材,GEM,0,1
08091,8091.HK,奧傳思維控股,GEM,0,1
08092,8092.HK,ITE HOLDINGS,GEM,0,1
08093,8093.HK,瓦普思瑞元宇宙,GEM,0,1
08095,8095.HK,北大青鳥環宇,GEM,0,1
08096,8096.HK,賞之味,GEM,0,1
08098,8098.HK,昌利控股,GEM,0,1
08100,8100.HK,名科國際,GEM,0,1
08103,8103.HK,ＨＭＶＯＤ視頻,GEM,0,1
08106,8106.HK,芯化蘭德,GEM,0,1
08107,8107.HK,細葉榕科技,GEM,0,1
08111,8111.HK,中國科技產業集團,GEM,0,1
08112,8112.HK,基石金融,GEM,0,1
08113,8113.HK,時騰科技,GEM,0,1
08115,8115.HK,清大東方,GEM,0,1
08117,8117.HK,中國基礎能源,GEM,0,1
08118,8118.HK,中資國際控股,GEM,0,1
08120,8120.HK,國農金融投資,GEM,0,1
08121,8121.HK,國恩控股,GEM,0,1
08123,8123.HK,華億金控,GEM,0,1
08125,8125.HK,榮記萬通,GEM,0,1
08128,8128.HK,中華節能,GEM,0,1
08130,8130.HK,大地國際集團,GEM,0,1
08131,8131.HK,諾亞智能,GEM,0,1
08132,8132.HK,百能國際能源,GEM,0,1
08133,8133.HK,吉盛集團控股,GEM,0,1
08136,8136.HK,英馬斯集團,GEM,0,1
08137,8137.HK,洪橋集團,GEM,0,0
08139,8139.HK,長安仁恒,GEM,0,1
08140,8140.HK,人和科技,GEM,0,1
08143,8143.HK,金威醫療,GEM,0,1
08146,8146.HK,怡園酒業,GEM,0,1
08147,8147.HK,雲晶數智,GEM,0,1
08148,8148.HK,悟喜生活,GEM,0,1
08149,8149.HK,浩德控股,GEM,0,1
08152,8152.HK,明樑控股,GEM,0,1
08153,8153.HK,嘉鼎國際集團,GEM,0,1
08156,8156.HK,國藥科技股份,GEM,0,1
08158,8158.HK,中國再生醫學,GEM,0,1
08159,8159.HK,新華聯合投資,GEM,0,1
08160,8160.HK,GOLDWAY EDU,GEM,0,1
08161,8161.HK,醫匯集團,GEM,0,1
08162,8162.HK,港銀控股,GEM,0,1
08163,8163.HK,聲揚集團,GEM,0,1
08168,8168.HK,寶積資本,GEM,0,1
08169,8169.HK,環康集團,GEM,0,1
08172,8172.HK,拉近網娛,GEM,0,1
08173,8173.HK,客思控股,GEM,0,1
08176,8176.HK,超人智能,GEM,0,1
08178,8178.HK,中國信息科技,GEM,0,1
08179,8179.HK,百利達集團控股,GEM,0,1
08181,8181.HK,港深智能管理,GEM,0,1
08186,8186.HK,浩盟控股,GEM,0,1
08187,8187.HK,積木集團,GEM,0,1
08188,8188.HK,駿傑集團控股,GEM,0,1
08189,8189.HK,泰達生物,GEM,0,1
08191,8191.HK,鴻偉亞洲,GEM,0,1
08193,8193.HK,亞太金融投資,GEM,0,1
08195,8195.HK,傳承教育集團,GEM,0,1
08196,8196.HK,福田股份,GEM,0,1
08198,8198.HK,加幂科技,GEM,0,1
08200,8200.HK,修身堂,GEM,0,1
08201,8201.HK,寶聯控股,GEM,0,1
08203,8203.HK,凱順控股,GEM,0,1
08205,8205.HK,交大慧谷,GEM,0,1
08206,8206.HK,神通機器人教育,GEM,0,1
08208,8208.HK,永通萬國集團,GEM,0,1
08210,8210.HK,衍匯亞洲,GEM,0,1
08213,8213.HK,榮暉控股,GEM,0,1
08217,8217.HK,菊福堂生物,GEM,0,1
08218,8218.HK,毅高國際控股,GEM,0,1
08219,8219.HK,恆偉集團控股,GEM,0,1
08220,8220.HK,比高集團,GEM,0,1
08221,8221.HK,高裕金融,GEM,0,1
08222,8222.HK,壹照明,GEM,0,1
08223,8223.HK,紫元元,GEM,0,1
08225,8225.HK,中國醫療集團,GEM,0,1
08226,8226.HK,樹熊金融集團,GEM,0,1
08227,8227.HK,海天天綫,GEM,0,1
08229,8229.HK,未來數據集團,GEM,0,1
08232,8232.HK,一木集團,GEM,0,1
08237,8237.HK,華星控股,GEM,0,1
08238,8238.HK,玖方數智,GEM,0,1
08239,8239.HK,首都金融控股,GEM,0,0
08241,8241.HK,英記茶莊集團,GEM,0,1
08245,8245.HK,烽翼集團,GEM,0,1
08246,8246.HK,中華燃氣,GEM,0,1
08247,8247.HK,中生北控生物科技,GEM,0,1
08249,8249.HK,瑞遠智控,GEM,0,1
08250,8250.HK,都都控股,GEM,0,1
08262,8262.HK,宏強控股,GEM,0,1
08267,8267.HK,藍港互動,GEM,0,1
08268,8268.HK,智城發展控股,GEM,0,1
08269,8269.HK,倍升教育科技,GEM,0,1
08270,8270.HK,中國煤層氣,GEM,0,1
08271,8271.HK,環球數碼創意,GEM,0,1
08275,8275.HK,中國新消費集團,GEM,0,1
08277,8277.HK,駿東控股,GEM,0,1
08279,8279.HK,亞博科技控股,GEM,0,0
08280,8280.HK,中國數字視頻,GEM,0,1
08281,8281.HK,中國金典集團,GEM,0,1
08282,8282.HK,智傲控股,GEM,0,1
08283,8283.HK,中食民安,GEM,0,1
08285,8285.HK,森浩集團,GEM,0,1
08286,8286.HK,長城微光,GEM,0,1
08290,8290.HK,亞勢備份,GEM,0,1
08291,8291.HK,港娛國際,GEM,0,1
08292,8292.HK,VSING,GEM,0,1
08293,8293.HK,星亞控股,GEM,0,1
08295,8295.HK,金慧科技,GEM,0,1
08296,8296.HK,中國生命集團,GEM,0,1
08297,8297.HK,海納星空科技,GEM,0,1
08299,8299.HK,大唐黃金,GEM,0,0
08300,8300.HK,今米房集團,GEM,0,1
08305,8305.HK,聖唐控股,GEM,0,1
08307,8307.HK,密迪斯肌,GEM,0,1
08308,8308.HK,古兜控股,GEM,0,1
08309,8309.HK,萬成環球控股,GEM,0,1
08310,8310.HK,鹽城港,GEM,0,1
08311,8311.HK,圓美光電,GEM,0,1
08313,8313.HK,杰地集團,GEM,0,1
08315,8315.HK,新都酒店,GEM,0,1
08316,8316.HK,中國紅包,GEM,0,1
08317,8317.HK,財華社集團,GEM,0,1
08319,8319.HK,思博系統,GEM,0,1
08320,8320.HK,沛然環保,GEM,0,1
08321,8321.HK,泰錦控股,GEM,0,1
08326,8326.HK,同景新能源,GEM,0,1
08328,8328.HK,信義儲電,GEM,0,1
08329,8329.HK,海王英特龍,GEM,0,1
08331,8331.HK,倍搏集團,GEM,0,1
08333,8333.HK,阿仕特朗金融,GEM,0,1
08337,8337.HK,直通電訊,GEM,0,1
08340,8340.HK,紫荊國際金融,GEM,0,1
08341,8341.HK,艾碩控股,GEM,0,1
08347,8347.HK,Ｆ８企業,GEM,0,1
08348,8348.HK,濱海泰達物流,GEM,0,1
08349,8349.HK,硅鑫集團,GEM,0,1
08350,8350.HK,立橋證券控股,GEM,0,1
08356,8356.HK,進業控股,GEM,0,1
08357,8357.HK,REPUBLIC HC,GEM,0,1
08360,8360.HK,簡樸新生活,GEM,0,1
08362,8362.HK,運興泰集團,GEM,0,1
08365,8365.HK,亦辰集團,GEM,0,1
08366,8366.HK,浙江聯合投資,GEM,0,1
08367,8367.HK,倩碧控股,GEM,0,1
08368,8368.HK,中國創意控股,GEM,0,1
08370,8370.HK,智昇集團控股,GEM,0,0
08371,8371.HK,嚐高美集團,GEM,0,1
08372,8372.HK,君百延集團,GEM,0,1
08373,8373.HK,靛藍星,GEM,0,1
08375,8375.HK,數盟資本,GEM,0,1
08377,8377.HK,維港育馬,GEM,0,1
08379,8379.HK,盈證國際,GEM,0,1
08385,8385.HK,萬里印刷,GEM,0,1
08391,8391.HK,基石科技控股,GEM,0,1
08392,8392.HK,舍圖控股,GEM,0,1
08395,8395.HK,中顯智能齊家控股,GEM,0,0
08400,8400.HK,亞洲先鋒娛樂,GEM,0,1
08401,8401.HK,華夏水務集團,GEM,0,1
08402,8402.HK,高原之寶,GEM,0,1
08403,8403.HK,德豐宿來,GEM,0,1
08406,8406.HK,中國口腔產業,GEM,0,1
08411,8411.HK,K W NELSON GP,GEM,0,1
08412,8412.HK,新愛德集團,GEM,0,1
08413,8413.HK,亞洲富思,GEM,0,1
08416,8416.HK,HM INTL HLDGS,GEM,0,1
08417,8417.HK,大地教育,GEM,0,1
08418,8418.HK,傲迪瑪汽車,GEM,0,1
08419,8419.HK,ＡＶ策劃推廣,GEM,0,1
08420,8420.HK,NEXION TECH,GEM,0,1
08422,8422.HK,ＷＴ集團,GEM,0,1
08423,8423.HK,CHI HO DEV,GEM,0,1
08425,8425.HK,興銘控股,GEM,0,1
08426,8426.HK,雅居投資控股,GEM,0,1
08427,8427.HK,萬順瑞強集團,GEM,0,1
08428,8428.HK,漢諾佳池,GEM,0,1
08429,8429.HK,華美樂樂,GEM,0,1
08430,8430.HK,春能控股,GEM,0,1
08431,8431.HK,浩柏國際,GEM,0,1
08432,8432.HK,太平洋酒吧,GEM,0,1
08436,8436.HK,德寶集團控股,GEM,0,1
08437,8437.HK,德斯控股,GEM,0,1
08439,8439.HK,新百利融資,GEM,0,1
08445,8445.HK,怡康泰工程集團,GEM,0,1
08446,8446.HK,耀星科技集團,GEM,0,1
08447,8447.HK,MS CONCEPT,GEM,0,1
08448,8448.HK,環球印館,GEM,0,1
08450,8450.HK,鉅京控股,GEM,0,1
08451,8451.HK,日光控股,GEM,0,1
08452,8452.HK,富銀融資股份,GEM,0,1
08455,8455.HK,禮建德集團,GEM,0,1
08456,8456.HK,民信國際控股,GEM,0,1
08460,8460.HK,基地錦標集團,GEM,0,1
08462,8462.HK,中安控股集團,GEM,0,1
08471,8471.HK,新達控股,GEM,0,1
08472,8472.HK,立高控股,GEM,0,1
08473,8473.HK,彌明生活百貨,GEM,0,1
08475,8475.HK,易站綠色科技,GEM,0,1
08480,8480.HK,飛霓控股,GEM,0,1
08481,8481.HK,盛龍錦秀國際,GEM,0,1
08482,8482.HK,萬勵達,GEM,0,1
08483,8483.HK,名仕快相,GEM,0,1
08487,8487.HK,ISP GLOBAL,GEM,0,1
08489,8489.HK,裕程物流,GEM,0,1
08490,8490.HK,駿碼半導體,GEM,0,1
08491,8491.HK,COOL LINK,GEM,0,1
08493,8493.HK,炙龍控股,GEM,0,1
08495,8495.HK,1957 & CO.,GEM,0,1
08496,8496.HK,環球友飲智能,GEM,0,1
08500,8500.HK,天泓文創,GEM,0,1
08501,8501.HK,莊皇集團公司,GEM,0,1
08502,8502.HK,遠航港口,GEM,0,1
08507,8507.HK,愛世紀集團,GEM,0,1
08509,8509.HK,威揚酒業控股,GEM,0,1
08510,8510.HK,TOPSTANDARDCORP,GEM,0,1
08511,8511.HK,民富國際,GEM,0,1
08512,8512.HK,凱富善集團控股,GEM,0,1
08513,8513.HK,加和國際控股,GEM,0,1
08516,8516.HK,中盈國際,GEM,0,1
08519,8519.HK,新享時代,GEM,0,1
08521,8521.HK,智雲國際控股,GEM,0,1
08525,8525.HK,百應控股,GEM,0,1
08526,8526.HK,榮豐集團亞洲,GEM,0,1
08527,8527.HK,聚利寶控股,GEM,0,1
08529,8529.HK,優博控股,GEM,0,1
08532,8532.HK,寶發控股,GEM,0,1
08535,8535.HK,熒德控股,GEM,0,1
08536,8536.HK,TL NATURAL GAS,GEM,0,1
08537,8537.HK,創輝珠寶,GEM,0,1
08540,8540.HK,勝利證券,GEM,0,1
08545,8545.HK,佰悅集團,GEM,0,1
08547,8547.HK,PACIFIC LEGEND,GEM,0,1
08549,8549.HK,金葉國際集團,GEM,0,1
08601,8601.HK,寶燵控股,GEM,0,1
08606,8606.HK,倢冠控股,GEM,0,1
08610,8610.HK,BBSB INTL,GEM,0,1
08611,8611.HK,九福來,GEM,0,1
08612,8612.HK,維亮控股,GEM,0,1
08613,8613.HK,東方支付集團控股,GEM,0,1
08616,8616.HK,新威工程集團,GEM,0,1
08619,8619.HK,NIU HOLDINGS,GEM,0,1
08620,8620.HK,亞洲速運,GEM,0,1
08621,8621.HK,METROPOLIS CAP,GEM,0,1
08622,8622.HK,愉悅集團,GEM,0,1
08623,8623.HK,中國蜀塔,GEM,0,1
08627,8627.HK,旅橙文化,GEM,0,1
08629,8629.HK,集信國控,GEM,0,1
08631,8631.HK,申港控股,GEM,0,1
08635,8635.HK,大象控股集團,GEM,0,1
08637,8637.HK,元續科技,GEM,0,1
08645,8645.HK,比特元宇宙,GEM,0,1
08646,8646.HK,中國宏光,GEM,0,1
08657,8657.HK,TRUE PARTNER,GEM,0,1
08659,8659.HK,易和國際控股,GEM,0,1
08661,8661.HK,中微智碼二七零三,GEM,0,0
08668,8668.HK,瀛海集團,GEM,0,1
09600,9600.HK,新紐科技,MAIN,0,1
09606,9606.HK,映恩生物－Ｂ,MAIN,0,0
09608,9608.HK,宋都服務,MAIN,0,1
09609,9609.HK,海偉股份,MAIN,0,1
09611,9611.HK,龍旗科技,MAIN,0,0
09615,9615.HK,梅卡曼德機器人,MAIN,0,0
09616,9616.HK,東軟睿新集團,MAIN,0,0
09618,9618.HK,京東集團－ＳＷ,MAIN,0,0
09626,9626.HK,嗶哩嗶哩－Ｗ,MAIN,0,0
09630,9630.HK,芯碁微裝,MAIN,0,0
09633,9633.HK,農夫山泉,MAIN,0,0
09636,9636.HK,九方智投控股,MAIN,0,0
09637,9637.HK,禮邦醫藥－Ｂ,MAIN,0,0
09638,9638.HK,法拉帝,MAIN,0,0
09639,9639.HK,榮利營造,MAIN,0,1
09658,9658.HK,特海國際,MAIN,0,0
09660,9660.HK,地平線機器人－Ｗ,MAIN,0,0
09663,9663.HK,國鴻氫能,MAIN,0,1
09668,9668.HK,渤海銀行,MAIN,0,0
09669,9669.HK,北森控股,MAIN,0,0
09676,9676.HK,十月稻田,MAIN,0,0
09677,9677.HK,威海銀行,MAIN,0,0
09678,9678.HK,雲知聲,MAIN,0,0
09680,9680.HK,如祺出行,MAIN,0,0
09686,9686.HK,熙康雲醫院,MAIN,0,1
09688,9688.HK,再鼎醫藥,MAIN,0,0
09689,9689.HK,金泰豐國際控股,MAIN,0,1
09690,9690.HK,途虎－Ｗ,MAIN,0,0
09696,9696.HK,天齊鋰業,MAIN,0,0
09698,9698.HK,萬國數據－ＳＷ,MAIN,0,0
09699,9699.HK,順豐同城,MAIN,0,0
09857,9857.HK,檸萌影視,MAIN,0,1
09858,9858.HK,優然牧業,MAIN,0,0
09860,9860.HK,艾迪康控股,MAIN,0,0
09863,9863.HK,零跑汽車,MAIN,0,0
09866,9866.HK,蔚來－ＳＷ,MAIN,0,0
09868,9868.HK,小鵬集團－Ｗ,MAIN,0,0
09869,9869.HK,海倫司,MAIN,0,0
09876,9876.HK,大洋環球控股,MAIN,0,1
09877,9877.HK,健世科技－Ｂ,MAIN,0,0
09878,9878.HK,匯通達網絡,MAIN,0,0
09879,9879.HK,米高集團,MAIN,0,0
09880,9880.HK,優必選,MAIN,0,0
09881,9881.HK,容大科技,MAIN,0,0
09882,9882.HK,永聯豐控股,MAIN,0,1
09885,9885.HK,藥師幫,MAIN,0,0
09886,9886.HK,叮噹健康,MAIN,0,0
09887,9887.HK,維立志博－Ｂ,MAIN,0,0
09888,9888.HK,百度集團－Ｗ,MAIN,0,0
09889,9889.HK,東莞農商銀行,MAIN,0,0
09890,9890.HK,貪玩,MAIN,0,0
09893,9893.HK,比優集團,MAIN,0,0
09896,9896.HK,名創優品,MAIN,0,0
09898,9898.HK,微博－ＳＷ,MAIN,0,0
09899,9899.HK,網易雲音樂,MAIN,0,0
09900,9900.HK,智雲科技建設,MAIN,0,0
09901,9901.HK,新東方－Ｓ,MAIN,0,0
09903,9903.HK,天數智芯,MAIN,0,0
09906,9906.HK,宏力醫療管理,MAIN,0,1
09908,9908.HK,嘉興燃氣,MAIN,0,1
09909,9909.HK,寶龍商業,MAIN,0,0
09911,9911.HK,赤子城科技,MAIN,0,0
09913,9913.HK,智勤控股,MAIN,0,0
09916,9916.HK,興業物聯,MAIN,0,1
09918,9918.HK,麗年國際,MAIN,0,1
09919,9919.HK,艾德韋宣集團,MAIN,0,1
09922,9922.HK,九毛九,MAIN,0,0
09923,9923.HK,移卡,MAIN,0,0
09926,9926.HK,康方生物,MAIN,0,0
09927,9927.HK,賽力斯,MAIN,0,0
09928,9928.HK,時代鄰里,MAIN,0,1
09929,9929.HK,澳達控股,MAIN,0,0
09930,9930.HK,宏信建發,MAIN,0,0
09933,9933.HK,GHW INTL,MAIN,0,0
09936,9936.HK,稀美資源,MAIN,0,0
09938,9938.HK,華和控股,MAIN,0,1
09939,9939.HK,開拓藥業－Ｂ,MAIN,0,1
09955,9955.HK,智雲健康,MAIN,0,1
09958,9958.HK,力天影業,MAIN,0,1
09959,9959.HK,聯易融科技－Ｗ,MAIN,0,0
09960,9960.HK,康聖環球,MAIN,0,1
09961,9961.HK,攜程集團－Ｓ,MAIN,0,0
09963,9963.HK,高科橋光導,MAIN,0,0
09966,9966.HK,康寧傑瑞製藥－Ｂ,MAIN,0,0
09968,9968.HK,滙景控股,MAIN,0,1
09969,9969.HK,諾誠健華,MAIN,0,0
09971,9971.HK,基本半導體,MAIN,0,0
09973,9973.HK,奇瑞汽車,MAIN,0,0
09976,9976.HK,江波龍,MAIN,0,0
09978,9978.HK,方圓生活服務,MAIN,0,1
09979,9979.HK,綠城管理控股,MAIN,0,0
09980,9980.HK,東鵬飲料,MAIN,0,0
09981,9981.HK,沃爾核材,MAIN,0,0
09982,9982.HK,中原建業,MAIN,0,1
09983,9983.HK,建業新生活,MAIN,0,1
09985,9985.HK,衛龍美味,MAIN,0,0
09986,9986.HK,大山教育,MAIN,0,0
09987,9987.HK,百勝中國,MAIN,0,0
09988,9988.HK,阿里巴巴－Ｗ,MAIN,0,0
09989,9989.HK,海普瑞,MAIN,0,1
09990,9990.HK,祖龍娛樂,MAIN,0,0
09991,9991.HK,寶尊電商－Ｗ,MAIN,0,0
09992,9992.HK,泡泡瑪特,MAIN,0,0
09993,9993.HK,金輝控股,MAIN,0,0
09995,9995.HK,榮昌生物,MAIN,0,0
09996,9996.HK,沛嘉醫療－Ｂ,MAIN,0,0
09998,9998.HK,光榮控股,MAIN,0,1
09999,9999.HK,網易,MAIN,0,0
